file,line,type,commit,author,date,time,timezone,datetime,depth,length
style.css,1,css,4fc7eea0,Paige Saengsouvanna,2025-10-02,18:09:16,-07:00,2025-10-02T18:09:16-07:00,0,4
style.css,2,css,4fc7eea0,Paige Saengsouvanna,2025-10-02,18:09:16,-07:00,2025-10-02T18:09:16-07:00,1,43
style.css,3,css,4fc7eea0,Paige Saengsouvanna,2025-10-02,18:09:16,-07:00,2025-10-02T18:09:16-07:00,0,42
style.css,4,css,4fc7eea0,Paige Saengsouvanna,2025-10-02,18:09:16,-07:00,2025-10-02T18:09:16-07:00,0,0
style.css,5,css,4fc7eea0,Paige Saengsouvanna,2025-10-02,18:09:16,-07:00,2025-10-02T18:09:16-07:00,1,23
style.css,6,css,6d8f1ad0,Paige Saengsouvanna,2025-10-09,18:09:20,-07:00,2025-10-09T18:09:20-07:00,1,15
style.css,7,css,6d8f1ad0,Paige Saengsouvanna,2025-10-09,18:09:20,-07:00,2025-10-09T18:09:20-07:00,1,13
style.css,8,css,6d8f1ad0,Paige Saengsouvanna,2025-10-09,18:09:20,-07:00,2025-10-09T18:09:20-07:00,0,0
style.css,9,css,6d8f1ad0,Paige Saengsouvanna,2025-10-09,18:09:20,-07:00,2025-10-09T18:09:20-07:00,0,0
style.css,10,css,6d8f1ad0,Paige Saengsouvanna,2025-10-09,18:09:20,-07:00,2025-10-09T18:09:20-07:00,0,12
style.css,11,css,6d8f1ad0,Paige Saengsouvanna,2025-10-09,18:09:20,-07:00,2025-10-09T18:09:20-07:00,0,10
style.css,12,css,6d8f1ad0,Paige Saengsouvanna,2025-10-09,18:09:20,-07:00,2025-10-09T18:09:20-07:00,1,15
style.css,13,css,6d8f1ad0,Paige Saengsouvanna,2025-10-09,18:09:20,-07:00,2025-10-09T18:09:20-07:00,1,18
style.css,14,css,6d8f1ad0,Paige Saengsouvanna,2025-10-09,18:09:20,-07:00,2025-10-09T18:09:20-07:00,0,0
style.css,15,css,6d8f1ad0,Paige Saengsouvanna,2025-10-09,18:09:20,-07:00,2025-10-09T18:09:20-07:00,0,0
style.css,16,css,6d8f1ad0,Paige Saengsouvanna,2025-10-09,18:09:20,-07:00,2025-10-09T18:09:20-07:00,0,2
style.css,17,css,6d8f1ad0,Paige Saengsouvanna,2025-10-09,18:09:20,-07:00,2025-10-09T18:09:20-07:00,1,14
style.css,18,css,6d8f1ad0,Paige Saengsouvanna,2025-10-09,18:09:20,-07:00,2025-10-09T18:09:20-07:00,1,11
style.css,19,css,6d8f1ad0,Paige Saengsouvanna,2025-10-09,18:09:20,-07:00,2025-10-09T18:09:20-07:00,0,0
style.css,20,css,6d8f1ad0,Paige Saengsouvanna,2025-10-09,18:09:20,-07:00,2025-10-09T18:09:20-07:00,0,0
style.css,21,css,6d8f1ad0,Paige Saengsouvanna,2025-10-09,18:09:20,-07:00,2025-10-09T18:09:20-07:00,0,3
style.css,22,css,6d8f1ad0,Paige Saengsouvanna,2025-10-09,18:09:20,-07:00,2025-10-09T18:09:20-07:00,1,12
style.css,23,css,6d8f1ad0,Paige Saengsouvanna,2025-10-09,18:09:20,-07:00,2025-10-09T18:09:20-07:00,1,42
style.css,24,css,6d8f1ad0,Paige Saengsouvanna,2025-10-09,18:09:20,-07:00,2025-10-09T18:09:20-07:00,0,0
style.css,25,css,6d8f1ad0,Paige Saengsouvanna,2025-10-09,18:09:20,-07:00,2025-10-09T18:09:20-07:00,0,5
style.css,26,css,6d8f1ad0,Paige Saengsouvanna,2025-10-09,18:09:20,-07:00,2025-10-09T18:09:20-07:00,1,15
style.css,27,css,6d8f1ad0,Paige Saengsouvanna,2025-10-09,18:09:20,-07:00,2025-10-09T18:09:20-07:00,1,8
style.css,28,css,6d8f1ad0,Paige Saengsouvanna,2025-10-09,18:09:20,-07:00,2025-10-09T18:09:20-07:00,1,8
style.css,29,css,6d8f1ad0,Paige Saengsouvanna,2025-10-09,18:09:20,-07:00,2025-10-09T18:09:20-07:00,1,12
style.css,30,css,6d8f1ad0,Paige Saengsouvanna,2025-10-09,18:09:20,-07:00,2025-10-09T18:09:20-07:00,1,29
style.css,31,css,6d8f1ad0,Paige Saengsouvanna,2025-10-09,18:09:20,-07:00,2025-10-09T18:09:20-07:00,0,0
style.css,32,css,6d8f1ad0,Paige Saengsouvanna,2025-10-09,18:09:20,-07:00,2025-10-09T18:09:20-07:00,0,6
style.css,33,css,6d8f1ad0,Paige Saengsouvanna,2025-10-09,18:09:20,-07:00,2025-10-09T18:09:20-07:00,1,16
style.css,34,css,6d8f1ad0,Paige Saengsouvanna,2025-10-09,18:09:20,-07:00,2025-10-09T18:09:20-07:00,0,0
style.css,35,css,6d8f1ad0,Paige Saengsouvanna,2025-10-09,18:09:20,-07:00,2025-10-09T18:09:20-07:00,0,0
style.css,36,css,6d8f1ad0,Paige Saengsouvanna,2025-10-09,18:09:20,-07:00,2025-10-09T18:09:20-07:00,0,4
style.css,37,css,6d8f1ad0,Paige Saengsouvanna,2025-10-09,18:09:20,-07:00,2025-10-09T18:09:20-07:00,1,20
style.css,38,css,6d8f1ad0,Paige Saengsouvanna,2025-10-09,18:09:20,-07:00,2025-10-09T18:09:20-07:00,1,11
style.css,39,css,6d8f1ad0,Paige Saengsouvanna,2025-10-09,18:09:20,-07:00,2025-10-09T18:09:20-07:00,1,16
style.css,40,css,6d8f1ad0,Paige Saengsouvanna,2025-10-09,18:09:20,-07:00,2025-10-09T18:09:20-07:00,1,19
style.css,41,css,6d8f1ad0,Paige Saengsouvanna,2025-10-09,18:09:20,-07:00,2025-10-09T18:09:20-07:00,1,17
style.css,42,css,6d8f1ad0,Paige Saengsouvanna,2025-10-09,18:09:20,-07:00,2025-10-09T18:09:20-07:00,1,31
style.css,43,css,6d8f1ad0,Paige Saengsouvanna,2025-10-09,18:09:20,-07:00,2025-10-09T18:09:20-07:00,0,0
style.css,44,css,6d8f1ad0,Paige Saengsouvanna,2025-10-09,18:09:20,-07:00,2025-10-09T18:09:20-07:00,0,0
style.css,45,css,6d8f1ad0,Paige Saengsouvanna,2025-10-09,18:09:20,-07:00,2025-10-09T18:09:20-07:00,0,10
style.css,46,css,6d8f1ad0,Paige Saengsouvanna,2025-10-09,18:09:20,-07:00,2025-10-09T18:09:20-07:00,1,74
style.css,47,css,6d8f1ad0,Paige Saengsouvanna,2025-10-09,18:09:20,-07:00,2025-10-09T18:09:20-07:00,1,91
style.css,48,css,6d8f1ad0,Paige Saengsouvanna,2025-10-09,18:09:20,-07:00,2025-10-09T18:09:20-07:00,1,20
style.css,49,css,6d8f1ad0,Paige Saengsouvanna,2025-10-09,18:09:20,-07:00,2025-10-09T18:09:20-07:00,1,14
style.css,50,css,6d8f1ad0,Paige Saengsouvanna,2025-10-09,18:09:20,-07:00,2025-10-09T18:09:20-07:00,0,0
style.css,51,css,6d8f1ad0,Paige Saengsouvanna,2025-10-09,18:09:20,-07:00,2025-10-09T18:09:20-07:00,0,0
style.css,52,css,6d8f1ad0,Paige Saengsouvanna,2025-10-09,18:09:20,-07:00,2025-10-09T18:09:20-07:00,0,0
style.css,53,css,6d8f1ad0,Paige Saengsouvanna,2025-10-09,18:09:20,-07:00,2025-10-09T18:09:20-07:00,0,12
style.css,54,css,6d8f1ad0,Paige Saengsouvanna,2025-10-09,18:09:20,-07:00,2025-10-09T18:09:20-07:00,1,43
style.css,55,css,6d8f1ad0,Paige Saengsouvanna,2025-10-09,18:09:20,-07:00,2025-10-09T18:09:20-07:00,1,20
style.css,56,css,6d8f1ad0,Paige Saengsouvanna,2025-10-09,18:09:20,-07:00,2025-10-09T18:09:20-07:00,0,0
style.css,57,css,6d8f1ad0,Paige Saengsouvanna,2025-10-09,18:09:20,-07:00,2025-10-09T18:09:20-07:00,0,0
style.css,58,css,6d8f1ad0,Paige Saengsouvanna,2025-10-09,18:09:20,-07:00,2025-10-09T18:09:20-07:00,0,0
style.css,59,css,6d8f1ad0,Paige Saengsouvanna,2025-10-09,18:09:20,-07:00,2025-10-09T18:09:20-07:00,0,3
style.css,60,css,6d8f1ad0,Paige Saengsouvanna,2025-10-09,18:09:20,-07:00,2025-10-09T18:09:20-07:00,1,70
style.css,61,css,6d8f1ad0,Paige Saengsouvanna,2025-10-09,18:09:20,-07:00,2025-10-09T18:09:20-07:00,1,14
style.css,62,css,6d8f1ad0,Paige Saengsouvanna,2025-10-09,18:09:20,-07:00,2025-10-09T18:09:20-07:00,1,15
style.css,63,css,6d8f1ad0,Paige Saengsouvanna,2025-10-09,18:09:20,-07:00,2025-10-09T18:09:20-07:00,1,10
style.css,64,css,6d8f1ad0,Paige Saengsouvanna,2025-10-09,18:09:20,-07:00,2025-10-09T18:09:20-07:00,0,0
style.css,65,css,6d8f1ad0,Paige Saengsouvanna,2025-10-09,18:09:20,-07:00,2025-10-09T18:09:20-07:00,0,0
style.css,66,css,6d8f1ad0,Paige Saengsouvanna,2025-10-09,18:09:20,-07:00,2025-10-09T18:09:20-07:00,0,4
style.css,67,css,6d8f1ad0,Paige Saengsouvanna,2025-10-09,18:09:20,-07:00,2025-10-09T18:09:20-07:00,0,7
style.css,68,css,6d8f1ad0,Paige Saengsouvanna,2025-10-09,18:09:20,-07:00,2025-10-09T18:09:20-07:00,0,5
style.css,69,css,6d8f1ad0,Paige Saengsouvanna,2025-10-09,18:09:20,-07:00,2025-10-09T18:09:20-07:00,0,5
style.css,70,css,6d8f1ad0,Paige Saengsouvanna,2025-10-09,18:09:20,-07:00,2025-10-09T18:09:20-07:00,1,11
style.css,71,css,6d8f1ad0,Paige Saengsouvanna,2025-10-09,18:09:20,-07:00,2025-10-09T18:09:20-07:00,0,0
style.css,72,css,6d8f1ad0,Paige Saengsouvanna,2025-10-09,18:09:20,-07:00,2025-10-09T18:09:20-07:00,0,0
style.css,73,css,6d8f1ad0,Paige Saengsouvanna,2025-10-09,18:09:20,-07:00,2025-10-09T18:09:20-07:00,0,47
style.css,74,css,6d8f1ad0,Paige Saengsouvanna,2025-10-09,18:09:20,-07:00,2025-10-09T18:09:20-07:00,0,4
style.css,75,css,6d8f1ad0,Paige Saengsouvanna,2025-10-09,18:09:20,-07:00,2025-10-09T18:09:20-07:00,0,4
style.css,76,css,6d8f1ad0,Paige Saengsouvanna,2025-10-09,18:09:20,-07:00,2025-10-09T18:09:20-07:00,0,7
style.css,77,css,6d8f1ad0,Paige Saengsouvanna,2025-10-09,18:09:20,-07:00,2025-10-09T18:09:20-07:00,0,5
style.css,78,css,6d8f1ad0,Paige Saengsouvanna,2025-10-09,18:09:20,-07:00,2025-10-09T18:09:20-07:00,0,5
style.css,79,css,6d8f1ad0,Paige Saengsouvanna,2025-10-09,18:09:20,-07:00,2025-10-09T18:09:20-07:00,1,12
style.css,80,css,6d8f1ad0,Paige Saengsouvanna,2025-10-09,18:09:20,-07:00,2025-10-09T18:09:20-07:00,0,0
style.css,81,css,6d8f1ad0,Paige Saengsouvanna,2025-10-09,18:09:20,-07:00,2025-10-09T18:09:20-07:00,0,0
style.css,82,css,6d8f1ad0,Paige Saengsouvanna,2025-10-09,18:09:20,-07:00,2025-10-09T18:09:20-07:00,0,4
style.css,83,css,6d8f1ad0,Paige Saengsouvanna,2025-10-09,18:09:20,-07:00,2025-10-09T18:09:20-07:00,0,7
style.css,84,css,6d8f1ad0,Paige Saengsouvanna,2025-10-09,18:09:20,-07:00,2025-10-09T18:09:20-07:00,0,6
style.css,85,css,6d8f1ad0,Paige Saengsouvanna,2025-10-09,18:09:20,-07:00,2025-10-09T18:09:20-07:00,1,10
style.css,86,css,6d8f1ad0,Paige Saengsouvanna,2025-10-09,18:09:20,-07:00,2025-10-09T18:09:20-07:00,1,21
style.css,87,css,6d8f1ad0,Paige Saengsouvanna,2025-10-09,18:09:20,-07:00,2025-10-09T18:09:20-07:00,0,0
style.css,88,css,6d8f1ad0,Paige Saengsouvanna,2025-10-09,18:09:20,-07:00,2025-10-09T18:09:20-07:00,0,5
style.css,89,css,6d8f1ad0,Paige Saengsouvanna,2025-10-09,18:09:20,-07:00,2025-10-09T18:09:20-07:00,1,16
style.css,90,css,6d8f1ad0,Paige Saengsouvanna,2025-10-09,18:09:20,-07:00,2025-10-09T18:09:20-07:00,1,17
style.css,91,css,6d8f1ad0,Paige Saengsouvanna,2025-10-09,18:09:20,-07:00,2025-10-09T18:09:20-07:00,0,0
style.css,92,css,6d8f1ad0,Paige Saengsouvanna,2025-10-09,18:09:20,-07:00,2025-10-09T18:09:20-07:00,0,0
style.css,93,css,6d8f1ad0,Paige Saengsouvanna,2025-10-09,18:09:20,-07:00,2025-10-09T18:09:20-07:00,0,9
style.css,94,css,6d8f1ad0,Paige Saengsouvanna,2025-10-09,18:09:20,-07:00,2025-10-09T18:09:20-07:00,1,12
style.css,95,css,6d8f1ad0,Paige Saengsouvanna,2025-10-09,18:09:20,-07:00,2025-10-09T18:09:20-07:00,0,0
style.css,96,css,6d8f1ad0,Paige Saengsouvanna,2025-10-09,18:09:20,-07:00,2025-10-09T18:09:20-07:00,1,67
style.css,97,css,6d8f1ad0,Paige Saengsouvanna,2025-10-09,18:09:20,-07:00,2025-10-09T18:09:20-07:00,1,58
style.css,98,css,6d8f1ad0,Paige Saengsouvanna,2025-10-09,18:09:20,-07:00,2025-10-09T18:09:20-07:00,0,0
style.css,99,css,6d8f1ad0,Paige Saengsouvanna,2025-10-09,18:09:20,-07:00,2025-10-09T18:09:20-07:00,1,8
style.css,100,css,6d8f1ad0,Paige Saengsouvanna,2025-10-09,18:09:20,-07:00,2025-10-09T18:09:20-07:00,0,0
style.css,101,css,6d8f1ad0,Paige Saengsouvanna,2025-10-09,18:09:20,-07:00,2025-10-09T18:09:20-07:00,0,0
style.css,102,css,6d8f1ad0,Paige Saengsouvanna,2025-10-09,18:09:20,-07:00,2025-10-09T18:09:20-07:00,0,13
style.css,103,css,6d8f1ad0,Paige Saengsouvanna,2025-10-09,18:09:20,-07:00,2025-10-09T18:09:20-07:00,1,21
style.css,104,css,6d8f1ad0,Paige Saengsouvanna,2025-10-09,18:09:20,-07:00,2025-10-09T18:09:20-07:00,1,12
style.css,105,css,6d8f1ad0,Paige Saengsouvanna,2025-10-09,18:09:20,-07:00,2025-10-09T18:09:20-07:00,1,17
style.css,106,css,6d8f1ad0,Paige Saengsouvanna,2025-10-09,18:09:20,-07:00,2025-10-09T18:09:20-07:00,0,0
style.css,107,css,6d8f1ad0,Paige Saengsouvanna,2025-10-09,18:09:20,-07:00,2025-10-09T18:09:20-07:00,0,0
style.css,108,css,6d8f1ad0,Paige Saengsouvanna,2025-10-09,18:09:20,-07:00,2025-10-09T18:09:20-07:00,0,0
style.css,109,css,6d8f1ad0,Paige Saengsouvanna,2025-10-09,18:09:20,-07:00,2025-10-09T18:09:20-07:00,0,24
style.css,110,css,6d8f1ad0,Paige Saengsouvanna,2025-10-09,18:09:20,-07:00,2025-10-09T18:09:20-07:00,0,14
style.css,111,css,6d8f1ad0,Paige Saengsouvanna,2025-10-09,18:09:20,-07:00,2025-10-09T18:09:20-07:00,1,17
style.css,112,css,6d8f1ad0,Paige Saengsouvanna,2025-10-09,18:09:20,-07:00,2025-10-09T18:09:20-07:00,1,20
style.css,113,css,6d8f1ad0,Paige Saengsouvanna,2025-10-09,18:09:20,-07:00,2025-10-09T18:09:20-07:00,1,15
style.css,114,css,6d8f1ad0,Paige Saengsouvanna,2025-10-09,18:09:20,-07:00,2025-10-09T18:09:20-07:00,0,0
style.css,115,css,6d8f1ad0,Paige Saengsouvanna,2025-10-09,18:09:20,-07:00,2025-10-09T18:09:20-07:00,0,0
style.css,116,css,6d8f1ad0,Paige Saengsouvanna,2025-10-09,18:09:20,-07:00,2025-10-09T18:09:20-07:00,0,21
style.css,117,css,6d8f1ad0,Paige Saengsouvanna,2025-10-09,18:09:20,-07:00,2025-10-09T18:09:20-07:00,1,16
style.css,118,css,6d8f1ad0,Paige Saengsouvanna,2025-10-09,18:09:20,-07:00,2025-10-09T18:09:20-07:00,1,15
style.css,119,css,6d8f1ad0,Paige Saengsouvanna,2025-10-09,18:09:20,-07:00,2025-10-09T18:09:20-07:00,1,21
style.css,120,css,6d8f1ad0,Paige Saengsouvanna,2025-10-09,18:09:20,-07:00,2025-10-09T18:09:20-07:00,1,31
style.css,121,css,6d8f1ad0,Paige Saengsouvanna,2025-10-09,18:09:20,-07:00,2025-10-09T18:09:20-07:00,1,24
style.css,122,css,6d8f1ad0,Paige Saengsouvanna,2025-10-09,18:09:20,-07:00,2025-10-09T18:09:20-07:00,1,21
style.css,123,css,6d8f1ad0,Paige Saengsouvanna,2025-10-09,18:09:20,-07:00,2025-10-09T18:09:20-07:00,1,10
style.css,124,css,6d8f1ad0,Paige Saengsouvanna,2025-10-09,18:09:20,-07:00,2025-10-09T18:09:20-07:00,0,0
style.css,125,css,6d8f1ad0,Paige Saengsouvanna,2025-10-09,18:09:20,-07:00,2025-10-09T18:09:20-07:00,0,0
style.css,126,css,6d8f1ad0,Paige Saengsouvanna,2025-10-09,18:09:20,-07:00,2025-10-09T18:09:20-07:00,0,13
style.css,127,css,6d8f1ad0,Paige Saengsouvanna,2025-10-09,18:09:20,-07:00,2025-10-09T18:09:20-07:00,1,16
style.css,128,css,6d8f1ad0,Paige Saengsouvanna,2025-10-09,18:09:20,-07:00,2025-10-09T18:09:20-07:00,1,15
style.css,129,css,6d8f1ad0,Paige Saengsouvanna,2025-10-09,18:09:20,-07:00,2025-10-09T18:09:20-07:00,1,17
style.css,130,css,6d8f1ad0,Paige Saengsouvanna,2025-10-09,18:09:20,-07:00,2025-10-09T18:09:20-07:00,1,18
style.css,131,css,6d8f1ad0,Paige Saengsouvanna,2025-10-09,18:09:20,-07:00,2025-10-09T18:09:20-07:00,1,28
style.css,132,css,6d8f1ad0,Paige Saengsouvanna,2025-10-09,18:09:20,-07:00,2025-10-09T18:09:20-07:00,1,21
style.css,133,css,6d8f1ad0,Paige Saengsouvanna,2025-10-09,18:09:20,-07:00,2025-10-09T18:09:20-07:00,0,0
style.css,134,css,6d8f1ad0,Paige Saengsouvanna,2025-10-09,18:09:20,-07:00,2025-10-09T18:09:20-07:00,0,0
style.css,135,css,6d8f1ad0,Paige Saengsouvanna,2025-10-09,18:09:20,-07:00,2025-10-09T18:09:20-07:00,0,24
style.css,136,css,6d8f1ad0,Paige Saengsouvanna,2025-10-09,18:09:20,-07:00,2025-10-09T18:09:20-07:00,0,15
style.css,137,css,6d8f1ad0,Paige Saengsouvanna,2025-10-09,18:09:20,-07:00,2025-10-09T18:09:20-07:00,1,20
style.css,138,css,6d8f1ad0,Paige Saengsouvanna,2025-10-09,18:09:20,-07:00,2025-10-09T18:09:20-07:00,0,0
style.css,139,css,6d8f1ad0,Paige Saengsouvanna,2025-10-09,18:09:20,-07:00,2025-10-09T18:09:20-07:00,0,0
style.css,140,css,6d8f1ad0,Paige Saengsouvanna,2025-10-09,18:09:20,-07:00,2025-10-09T18:09:20-07:00,0,15
style.css,141,css,6d8f1ad0,Paige Saengsouvanna,2025-10-09,18:09:20,-07:00,2025-10-09T18:09:20-07:00,0,18
style.css,142,css,6d8f1ad0,Paige Saengsouvanna,2025-10-09,18:09:20,-07:00,2025-10-09T18:09:20-07:00,1,16
style.css,143,css,6d8f1ad0,Paige Saengsouvanna,2025-10-09,18:09:20,-07:00,2025-10-09T18:09:20-07:00,1,15
style.css,144,css,6d8f1ad0,Paige Saengsouvanna,2025-10-09,18:09:20,-07:00,2025-10-09T18:09:20-07:00,1,20
style.css,145,css,6d8f1ad0,Paige Saengsouvanna,2025-10-09,18:09:20,-07:00,2025-10-09T18:09:20-07:00,0,0
style.css,146,css,6d8f1ad0,Paige Saengsouvanna,2025-10-09,18:09:20,-07:00,2025-10-09T18:09:20-07:00,0,0
style.css,147,css,6d8f1ad0,Paige Saengsouvanna,2025-10-09,18:09:20,-07:00,2025-10-09T18:09:20-07:00,0,15
style.css,148,css,6d8f1ad0,Paige Saengsouvanna,2025-10-09,18:09:20,-07:00,2025-10-09T18:09:20-07:00,0,23
style.css,149,css,6d8f1ad0,Paige Saengsouvanna,2025-10-09,18:09:20,-07:00,2025-10-09T18:09:20-07:00,1,17
style.css,150,css,6d8f1ad0,Paige Saengsouvanna,2025-10-09,18:09:20,-07:00,2025-10-09T18:09:20-07:00,1,10
style.css,151,css,6d8f1ad0,Paige Saengsouvanna,2025-10-09,18:09:20,-07:00,2025-10-09T18:09:20-07:00,1,20
style.css,152,css,6d8f1ad0,Paige Saengsouvanna,2025-10-09,18:09:20,-07:00,2025-10-09T18:09:20-07:00,0,0
style.css,153,css,6d8f1ad0,Paige Saengsouvanna,2025-10-09,18:09:20,-07:00,2025-10-09T18:09:20-07:00,0,0
style.css,154,css,6d8f1ad0,Paige Saengsouvanna,2025-10-09,18:09:20,-07:00,2025-10-09T18:09:20-07:00,0,9
style.css,155,css,6d8f1ad0,Paige Saengsouvanna,2025-10-09,18:09:20,-07:00,2025-10-09T18:09:20-07:00,0,21
style.css,156,css,6d8f1ad0,Paige Saengsouvanna,2025-10-09,18:09:20,-07:00,2025-10-09T18:09:20-07:00,1,10
style.css,157,css,6d8f1ad0,Paige Saengsouvanna,2025-10-09,18:09:20,-07:00,2025-10-09T18:09:20-07:00,1,17
style.css,158,css,6d8f1ad0,Paige Saengsouvanna,2025-10-09,18:09:20,-07:00,2025-10-09T18:09:20-07:00,1,15
style.css,159,css,6d8f1ad0,Paige Saengsouvanna,2025-10-09,18:09:20,-07:00,2025-10-09T18:09:20-07:00,0,0
style.css,160,css,6d8f1ad0,Paige Saengsouvanna,2025-10-09,18:09:20,-07:00,2025-10-09T18:09:20-07:00,0,32
style.css,161,css,6d8f1ad0,Paige Saengsouvanna,2025-10-09,18:09:20,-07:00,2025-10-09T18:09:20-07:00,1,28
style.css,162,css,6d8f1ad0,Paige Saengsouvanna,2025-10-09,18:09:20,-07:00,2025-10-09T18:09:20-07:00,1,19
style.css,163,css,6d8f1ad0,Paige Saengsouvanna,2025-10-09,18:09:20,-07:00,2025-10-09T18:09:20-07:00,0,0
style.css,164,css,6d8f1ad0,Paige Saengsouvanna,2025-10-09,18:09:20,-07:00,2025-10-09T18:09:20-07:00,0,19
style.css,165,css,6d8f1ad0,Paige Saengsouvanna,2025-10-09,18:09:20,-07:00,2025-10-09T18:09:20-07:00,0,19
style.css,166,css,6d8f1ad0,Paige Saengsouvanna,2025-10-09,18:09:20,-07:00,2025-10-09T18:09:20-07:00,1,16
style.css,167,css,6d8f1ad0,Paige Saengsouvanna,2025-10-09,18:09:20,-07:00,2025-10-09T18:09:20-07:00,1,15
style.css,168,css,6d8f1ad0,Paige Saengsouvanna,2025-10-09,18:09:20,-07:00,2025-10-09T18:09:20-07:00,1,17
style.css,169,css,6d8f1ad0,Paige Saengsouvanna,2025-10-09,18:09:20,-07:00,2025-10-09T18:09:20-07:00,1,18
style.css,170,css,6d8f1ad0,Paige Saengsouvanna,2025-10-09,18:09:20,-07:00,2025-10-09T18:09:20-07:00,1,28
style.css,171,css,6d8f1ad0,Paige Saengsouvanna,2025-10-09,18:09:20,-07:00,2025-10-09T18:09:20-07:00,1,21
style.css,172,css,6d8f1ad0,Paige Saengsouvanna,2025-10-09,18:09:20,-07:00,2025-10-09T18:09:20-07:00,0,0
style.css,173,css,6d8f1ad0,Paige Saengsouvanna,2025-10-09,18:09:20,-07:00,2025-10-09T18:09:20-07:00,0,0
style.css,174,css,6d8f1ad0,Paige Saengsouvanna,2025-10-09,18:09:20,-07:00,2025-10-09T18:09:20-07:00,0,19
style.css,175,css,6d8f1ad0,Paige Saengsouvanna,2025-10-09,18:09:20,-07:00,2025-10-09T18:09:20-07:00,0,11
style.css,176,css,6d8f1ad0,Paige Saengsouvanna,2025-10-09,18:09:20,-07:00,2025-10-09T18:09:20-07:00,1,16
style.css,177,css,6d8f1ad0,Paige Saengsouvanna,2025-10-09,18:09:20,-07:00,2025-10-09T18:09:20-07:00,1,15
style.css,178,css,6d8f1ad0,Paige Saengsouvanna,2025-10-09,18:09:20,-07:00,2025-10-09T18:09:20-07:00,1,17
style.css,179,css,6d8f1ad0,Paige Saengsouvanna,2025-10-09,18:09:20,-07:00,2025-10-09T18:09:20-07:00,1,18
style.css,180,css,6d8f1ad0,Paige Saengsouvanna,2025-10-09,18:09:20,-07:00,2025-10-09T18:09:20-07:00,1,28
style.css,181,css,6d8f1ad0,Paige Saengsouvanna,2025-10-09,18:09:20,-07:00,2025-10-09T18:09:20-07:00,1,21
style.css,182,css,6d8f1ad0,Paige Saengsouvanna,2025-10-09,18:09:20,-07:00,2025-10-09T18:09:20-07:00,0,0
style.css,183,css,6d8f1ad0,Paige Saengsouvanna,2025-10-09,18:09:20,-07:00,2025-10-09T18:09:20-07:00,0,18
style.css,184,css,6d8f1ad0,Paige Saengsouvanna,2025-10-09,18:09:20,-07:00,2025-10-09T18:09:20-07:00,0,10
style.css,185,css,6d8f1ad0,Paige Saengsouvanna,2025-10-09,18:09:20,-07:00,2025-10-09T18:09:20-07:00,1,18
style.css,186,css,6d8f1ad0,Paige Saengsouvanna,2025-10-09,18:09:20,-07:00,2025-10-09T18:09:20-07:00,0,0
style.css,187,css,6d8f1ad0,Paige Saengsouvanna,2025-10-09,18:09:20,-07:00,2025-10-09T18:09:20-07:00,0,0
style.css,188,css,6d8f1ad0,Paige Saengsouvanna,2025-10-09,18:09:20,-07:00,2025-10-09T18:09:20-07:00,0,25
style.css,189,css,6d8f1ad0,Paige Saengsouvanna,2025-10-09,18:09:20,-07:00,2025-10-09T18:09:20-07:00,0,13
style.css,190,css,6d8f1ad0,Paige Saengsouvanna,2025-10-09,18:09:20,-07:00,2025-10-09T18:09:20-07:00,1,16
style.css,191,css,6d8f1ad0,Paige Saengsouvanna,2025-10-09,18:09:20,-07:00,2025-10-09T18:09:20-07:00,1,15
style.css,192,css,6d8f1ad0,Paige Saengsouvanna,2025-10-09,18:09:20,-07:00,2025-10-09T18:09:20-07:00,1,20
style.css,193,css,6d8f1ad0,Paige Saengsouvanna,2025-10-09,18:09:20,-07:00,2025-10-09T18:09:20-07:00,0,0
style.css,194,css,6d8f1ad0,Paige Saengsouvanna,2025-10-09,18:09:20,-07:00,2025-10-09T18:09:20-07:00,0,0
style.css,195,css,6d8f1ad0,Paige Saengsouvanna,2025-10-09,18:09:20,-07:00,2025-10-09T18:09:20-07:00,0,13
style.css,196,css,6d8f1ad0,Paige Saengsouvanna,2025-10-09,18:09:20,-07:00,2025-10-09T18:09:20-07:00,0,16
style.css,197,css,6d8f1ad0,Paige Saengsouvanna,2025-10-09,18:09:20,-07:00,2025-10-09T18:09:20-07:00,1,10
style.css,198,css,6d8f1ad0,Paige Saengsouvanna,2025-10-09,18:09:20,-07:00,2025-10-09T18:09:20-07:00,1,17
style.css,199,css,6d8f1ad0,Paige Saengsouvanna,2025-10-09,18:09:20,-07:00,2025-10-09T18:09:20-07:00,1,20
style.css,200,css,6d8f1ad0,Paige Saengsouvanna,2025-10-09,18:09:20,-07:00,2025-10-09T18:09:20-07:00,0,0
style.css,201,css,6d8f1ad0,Paige Saengsouvanna,2025-10-09,18:09:20,-07:00,2025-10-09T18:09:20-07:00,0,0
style.css,202,css,6d8f1ad0,Paige Saengsouvanna,2025-10-09,18:09:20,-07:00,2025-10-09T18:09:20-07:00,0,17
style.css,203,css,6d8f1ad0,Paige Saengsouvanna,2025-10-09,18:09:20,-07:00,2025-10-09T18:09:20-07:00,0,11
style.css,204,css,6d8f1ad0,Paige Saengsouvanna,2025-10-09,18:09:20,-07:00,2025-10-09T18:09:20-07:00,1,18
style.css,205,css,6d8f1ad0,Paige Saengsouvanna,2025-10-09,18:09:20,-07:00,2025-10-09T18:09:20-07:00,1,20
style.css,206,css,6d8f1ad0,Paige Saengsouvanna,2025-10-09,18:09:20,-07:00,2025-10-09T18:09:20-07:00,1,15
style.css,207,css,6d8f1ad0,Paige Saengsouvanna,2025-10-09,18:09:20,-07:00,2025-10-09T18:09:20-07:00,0,0
style.css,208,css,6d8f1ad0,Paige Saengsouvanna,2025-10-09,18:09:20,-07:00,2025-10-09T18:09:20-07:00,0,0
style.css,209,css,6d8f1ad0,Paige Saengsouvanna,2025-10-09,18:09:20,-07:00,2025-10-09T18:09:20-07:00,0,14
style.css,210,css,6d8f1ad0,Paige Saengsouvanna,2025-10-09,18:09:20,-07:00,2025-10-09T18:09:20-07:00,1,20
style.css,211,css,6d8f1ad0,Paige Saengsouvanna,2025-10-09,18:09:20,-07:00,2025-10-09T18:09:20-07:00,0,0
style.css,212,css,fbd6e7a2,Paige Saengsouvanna,2025-10-13,17:46:28,-07:00,2025-10-13T17:46:28-07:00,0,0
style.css,213,css,fbd6e7a2,Paige Saengsouvanna,2025-10-13,17:46:28,-07:00,2025-10-13T17:46:28-07:00,0,13
style.css,214,css,fbd6e7a2,Paige Saengsouvanna,2025-10-13,17:46:28,-07:00,2025-10-13T17:46:28-07:00,1,16
style.css,215,css,fbd6e7a2,Paige Saengsouvanna,2025-10-13,17:46:28,-07:00,2025-10-13T17:46:28-07:00,1,10
style.css,216,css,fbd6e7a2,Paige Saengsouvanna,2025-10-13,17:46:28,-07:00,2025-10-13T17:46:28-07:00,1,25
style.css,217,css,fbd6e7a2,Paige Saengsouvanna,2025-10-13,17:46:28,-07:00,2025-10-13T17:46:28-07:00,0,0
style.css,218,css,fbd6e7a2,Paige Saengsouvanna,2025-10-13,17:46:28,-07:00,2025-10-13T17:46:28-07:00,0,0
style.css,219,css,fbd6e7a2,Paige Saengsouvanna,2025-10-13,17:46:28,-07:00,2025-10-13T17:46:28-07:00,0,4
style.css,220,css,fbd6e7a2,Paige Saengsouvanna,2025-10-13,17:46:28,-07:00,2025-10-13T17:46:28-07:00,1,23
style.css,221,css,fbd6e7a2,Paige Saengsouvanna,2025-10-13,17:46:28,-07:00,2025-10-13T17:46:28-07:00,1,23
style.css,222,css,fbd6e7a2,Paige Saengsouvanna,2025-10-13,17:46:28,-07:00,2025-10-13T17:46:28-07:00,1,16
style.css,223,css,fbd6e7a2,Paige Saengsouvanna,2025-10-13,17:46:28,-07:00,2025-10-13T17:46:28-07:00,0,0
style.css,224,css,fbd6e7a2,Paige Saengsouvanna,2025-10-13,17:46:28,-07:00,2025-10-13T17:46:28-07:00,0,3
style.css,225,css,fbd6e7a2,Paige Saengsouvanna,2025-10-13,17:46:28,-07:00,2025-10-13T17:46:28-07:00,1,39
style.css,226,css,fbd6e7a2,Paige Saengsouvanna,2025-10-13,17:46:28,-07:00,2025-10-13T17:46:28-07:00,1,43
style.css,227,css,fbd6e7a2,Paige Saengsouvanna,2025-10-13,17:46:28,-07:00,2025-10-13T17:46:28-07:00,1,39
style.css,228,css,fbd6e7a2,Paige Saengsouvanna,2025-10-13,17:46:28,-07:00,2025-10-13T17:46:28-07:00,0,0
style.css,229,css,fbd6e7a2,Paige Saengsouvanna,2025-10-13,17:46:28,-07:00,2025-10-13T17:46:28-07:00,0,0
style.css,230,css,fbd6e7a2,Paige Saengsouvanna,2025-10-13,17:46:28,-07:00,2025-10-13T17:46:28-07:00,0,0
style.css,231,css,fbd6e7a2,Paige Saengsouvanna,2025-10-13,17:46:28,-07:00,2025-10-13T17:46:28-07:00,0,11
style.css,232,css,fbd6e7a2,Paige Saengsouvanna,2025-10-13,17:46:28,-07:00,2025-10-13T17:46:28-07:00,1,89
style.css,233,css,37ecfe46,Paige Saengsouvanna,2025-10-23,20:03:51,-07:00,2025-10-23T20:03:51-07:00,0,0
style.css,234,css,37ecfe46,Paige Saengsouvanna,2025-10-23,20:03:51,-07:00,2025-10-23T20:03:51-07:00,0,0
style.css,235,css,37ecfe46,Paige Saengsouvanna,2025-10-23,20:03:51,-07:00,2025-10-23T20:03:51-07:00,0,9
style.css,236,css,37ecfe46,Paige Saengsouvanna,2025-10-23,20:03:51,-07:00,2025-10-23T20:03:51-07:00,0,17
style.css,237,css,37ecfe46,Paige Saengsouvanna,2025-10-23,20:03:51,-07:00,2025-10-23T20:03:51-07:00,1,12
style.css,238,css,37ecfe46,Paige Saengsouvanna,2025-10-23,20:03:51,-07:00,2025-10-23T20:03:51-07:00,1,36
style.css,239,css,37ecfe46,Paige Saengsouvanna,2025-10-23,20:03:51,-07:00,2025-10-23T20:03:51-07:00,1,10
style.css,240,css,37ecfe46,Paige Saengsouvanna,2025-10-23,20:03:51,-07:00,2025-10-23T20:03:51-07:00,0,0
style.css,241,css,37ecfe46,Paige Saengsouvanna,2025-10-23,20:03:51,-07:00,2025-10-23T20:03:51-07:00,0,0
style.css,242,css,37ecfe46,Paige Saengsouvanna,2025-10-23,20:03:51,-07:00,2025-10-23T20:03:51-07:00,0,17
style.css,243,css,37ecfe46,Paige Saengsouvanna,2025-10-23,20:03:51,-07:00,2025-10-23T20:03:51-07:00,1,10
style.css,244,css,37ecfe46,Paige Saengsouvanna,2025-10-23,20:03:51,-07:00,2025-10-23T20:03:51-07:00,1,16
style.css,245,css,37ecfe46,Paige Saengsouvanna,2025-10-23,20:03:51,-07:00,2025-10-23T20:03:51-07:00,1,17
style.css,246,css,37ecfe46,Paige Saengsouvanna,2025-10-23,20:03:51,-07:00,2025-10-23T20:03:51-07:00,0,0
style.css,247,css,37ecfe46,Paige Saengsouvanna,2025-10-23,20:03:51,-07:00,2025-10-23T20:03:51-07:00,0,0
style.css,248,css,37ecfe46,Paige Saengsouvanna,2025-10-23,20:03:51,-07:00,2025-10-23T20:03:51-07:00,0,17
style.css,249,css,37ecfe46,Paige Saengsouvanna,2025-10-23,20:03:51,-07:00,2025-10-23T20:03:51-07:00,1,10
style.css,250,css,37ecfe46,Paige Saengsouvanna,2025-10-23,20:03:51,-07:00,2025-10-23T20:03:51-07:00,1,17
style.css,251,css,37ecfe46,Paige Saengsouvanna,2025-10-23,20:03:51,-07:00,2025-10-23T20:03:51-07:00,1,8
style.css,252,css,37ecfe46,Paige Saengsouvanna,2025-10-23,20:03:51,-07:00,2025-10-23T20:03:51-07:00,0,0
style.css,253,css,e30fbfda,Paige Saengsouvanna,2025-10-29,12:20:19,-07:00,2025-10-29T12:20:19-07:00,0,9
style.css,254,css,e30fbfda,Paige Saengsouvanna,2025-10-29,12:20:19,-07:00,2025-10-29T12:20:19-07:00,0,13
style.css,255,css,e30fbfda,Paige Saengsouvanna,2025-10-29,12:20:19,-07:00,2025-10-29T12:20:19-07:00,1,12
style.css,256,css,e30fbfda,Paige Saengsouvanna,2025-10-29,12:20:19,-07:00,2025-10-29T12:20:19-07:00,1,21
style.css,257,css,e30fbfda,Paige Saengsouvanna,2025-10-29,12:20:19,-07:00,2025-10-29T12:20:19-07:00,1,10
style.css,258,css,e30fbfda,Paige Saengsouvanna,2025-10-29,12:20:19,-07:00,2025-10-29T12:20:19-07:00,0,0
style.css,259,css,e30fbfda,Paige Saengsouvanna,2025-10-29,12:20:19,-07:00,2025-10-29T12:20:19-07:00,0,0
style.css,260,css,e30fbfda,Paige Saengsouvanna,2025-10-29,12:20:19,-07:00,2025-10-29T12:20:19-07:00,0,13
style.css,261,css,e30fbfda,Paige Saengsouvanna,2025-10-29,12:20:19,-07:00,2025-10-29T12:20:19-07:00,1,16
style.css,262,css,e30fbfda,Paige Saengsouvanna,2025-10-29,12:20:19,-07:00,2025-10-29T12:20:19-07:00,1,10
style.css,263,css,e30fbfda,Paige Saengsouvanna,2025-10-29,12:20:19,-07:00,2025-10-29T12:20:19-07:00,1,17
style.css,264,css,e30fbfda,Paige Saengsouvanna,2025-10-29,12:20:19,-07:00,2025-10-29T12:20:19-07:00,0,0
style.css,265,css,e30fbfda,Paige Saengsouvanna,2025-10-29,12:20:19,-07:00,2025-10-29T12:20:19-07:00,0,26
style.css,266,css,e30fbfda,Paige Saengsouvanna,2025-10-29,12:20:19,-07:00,2025-10-29T12:20:19-07:00,0,18
style.css,267,css,e30fbfda,Paige Saengsouvanna,2025-10-29,12:20:19,-07:00,2025-10-29T12:20:19-07:00,1,14
style.css,268,css,e30fbfda,Paige Saengsouvanna,2025-10-29,12:20:19,-07:00,2025-10-29T12:20:19-07:00,1,16
style.css,269,css,e30fbfda,Paige Saengsouvanna,2025-10-29,12:20:19,-07:00,2025-10-29T12:20:19-07:00,1,16
style.css,270,css,e30fbfda,Paige Saengsouvanna,2025-10-29,12:20:19,-07:00,2025-10-29T12:20:19-07:00,0,0
style.css,271,css,e30fbfda,Paige Saengsouvanna,2025-10-29,12:20:19,-07:00,2025-10-29T12:20:19-07:00,0,0
style.css,272,css,e30fbfda,Paige Saengsouvanna,2025-10-29,12:20:19,-07:00,2025-10-29T12:20:19-07:00,0,55
style.css,273,css,e30fbfda,Paige Saengsouvanna,2025-10-29,12:20:19,-07:00,2025-10-29T12:20:19-07:00,0,10
style.css,274,css,e30fbfda,Paige Saengsouvanna,2025-10-29,12:20:19,-07:00,2025-10-29T12:20:19-07:00,1,12
style.css,275,css,e30fbfda,Paige Saengsouvanna,2025-10-29,12:20:19,-07:00,2025-10-29T12:20:19-07:00,1,65
style.css,276,css,e30fbfda,Paige Saengsouvanna,2025-10-29,12:20:19,-07:00,2025-10-29T12:20:19-07:00,1,63
style.css,277,css,e30fbfda,Paige Saengsouvanna,2025-10-29,12:20:19,-07:00,2025-10-29T12:20:19-07:00,1,14
style.css,278,css,e30fbfda,Paige Saengsouvanna,2025-10-29,12:20:19,-07:00,2025-10-29T12:20:19-07:00,1,60
style.css,279,css,e30fbfda,Paige Saengsouvanna,2025-10-29,12:20:19,-07:00,2025-10-29T12:20:19-07:00,1,25
style.css,280,css,e30fbfda,Paige Saengsouvanna,2025-10-29,12:20:19,-07:00,2025-10-29T12:20:19-07:00,1,51
style.css,281,css,e30fbfda,Paige Saengsouvanna,2025-10-29,12:20:19,-07:00,2025-10-29T12:20:19-07:00,0,0
style.css,282,css,e30fbfda,Paige Saengsouvanna,2025-10-29,12:20:19,-07:00,2025-10-29T12:20:19-07:00,0,0
style.css,283,css,e30fbfda,Paige Saengsouvanna,2025-10-29,12:20:19,-07:00,2025-10-29T12:20:19-07:00,0,15
style.css,284,css,e30fbfda,Paige Saengsouvanna,2025-10-29,12:20:19,-07:00,2025-10-29T12:20:19-07:00,0,17
style.css,285,css,e30fbfda,Paige Saengsouvanna,2025-10-29,12:20:19,-07:00,2025-10-29T12:20:19-07:00,1,41
style.css,286,css,e30fbfda,Paige Saengsouvanna,2025-10-29,12:20:19,-07:00,2025-10-29T12:20:19-07:00,1,15
style.css,287,css,e30fbfda,Paige Saengsouvanna,2025-10-29,12:20:19,-07:00,2025-10-29T12:20:19-07:00,1,11
style.css,288,css,e30fbfda,Paige Saengsouvanna,2025-10-29,12:20:19,-07:00,2025-10-29T12:20:19-07:00,0,0
style.css,289,css,e30fbfda,Paige Saengsouvanna,2025-10-29,12:20:19,-07:00,2025-10-29T12:20:19-07:00,0,0
style.css,290,css,e30fbfda,Paige Saengsouvanna,2025-10-29,12:20:19,-07:00,2025-10-29T12:20:19-07:00,0,18
style.css,291,css,e30fbfda,Paige Saengsouvanna,2025-10-29,12:20:19,-07:00,2025-10-29T12:20:19-07:00,0,7
style.css,292,css,e30fbfda,Paige Saengsouvanna,2025-10-29,12:20:19,-07:00,2025-10-29T12:20:19-07:00,1,43
style.css,293,css,e30fbfda,Paige Saengsouvanna,2025-10-29,12:20:19,-07:00,2025-10-29T12:20:19-07:00,1,43
style.css,294,css,e30fbfda,Paige Saengsouvanna,2025-10-29,12:20:19,-07:00,2025-10-29T12:20:19-07:00,1,43
style.css,295,css,e30fbfda,Paige Saengsouvanna,2025-10-29,12:20:19,-07:00,2025-10-29T12:20:19-07:00,1,46
style.css,296,css,e30fbfda,Paige Saengsouvanna,2025-10-29,12:20:19,-07:00,2025-10-29T12:20:19-07:00,1,22
style.css,297,css,e30fbfda,Paige Saengsouvanna,2025-10-29,12:20:19,-07:00,2025-10-29T12:20:19-07:00,1,71
style.css,298,css,e30fbfda,Paige Saengsouvanna,2025-10-29,12:20:19,-07:00,2025-10-29T12:20:19-07:00,1,49
style.css,299,css,e30fbfda,Paige Saengsouvanna,2025-10-29,12:20:19,-07:00,2025-10-29T12:20:19-07:00,1,14
style.css,300,css,e30fbfda,Paige Saengsouvanna,2025-10-29,12:20:19,-07:00,2025-10-29T12:20:19-07:00,0,0
style.css,301,css,e30fbfda,Paige Saengsouvanna,2025-10-29,12:20:19,-07:00,2025-10-29T12:20:19-07:00,0,0
style.css,302,css,e30fbfda,Paige Saengsouvanna,2025-10-29,12:20:19,-07:00,2025-10-29T12:20:19-07:00,0,10
style.css,303,css,e30fbfda,Paige Saengsouvanna,2025-10-29,12:20:19,-07:00,2025-10-29T12:20:19-07:00,1,12
style.css,304,css,e30fbfda,Paige Saengsouvanna,2025-10-29,12:20:19,-07:00,2025-10-29T12:20:19-07:00,1,18
style.css,305,css,e30fbfda,Paige Saengsouvanna,2025-10-29,12:20:19,-07:00,2025-10-29T12:20:19-07:00,1,20
style.css,306,css,e30fbfda,Paige Saengsouvanna,2025-10-29,12:20:19,-07:00,2025-10-29T12:20:19-07:00,0,0
style.css,307,css,e30fbfda,Paige Saengsouvanna,2025-10-29,12:20:19,-07:00,2025-10-29T12:20:19-07:00,0,0
style.css,308,css,e30fbfda,Paige Saengsouvanna,2025-10-29,12:20:19,-07:00,2025-10-29T12:20:19-07:00,0,15
style.css,309,css,e30fbfda,Paige Saengsouvanna,2025-10-29,12:20:19,-07:00,2025-10-29T12:20:19-07:00,1,10
style.css,310,css,e30fbfda,Paige Saengsouvanna,2025-10-29,12:20:19,-07:00,2025-10-29T12:20:19-07:00,1,11
style.css,311,css,e30fbfda,Paige Saengsouvanna,2025-10-29,12:20:19,-07:00,2025-10-29T12:20:19-07:00,1,17
style.css,312,css,e30fbfda,Paige Saengsouvanna,2025-10-29,12:20:19,-07:00,2025-10-29T12:20:19-07:00,1,29
style.css,313,css,e30fbfda,Paige Saengsouvanna,2025-10-29,12:20:19,-07:00,2025-10-29T12:20:19-07:00,1,20
style.css,314,css,e30fbfda,Paige Saengsouvanna,2025-10-29,12:20:19,-07:00,2025-10-29T12:20:19-07:00,1,19
style.css,315,css,e30fbfda,Paige Saengsouvanna,2025-10-29,12:20:19,-07:00,2025-10-29T12:20:19-07:00,0,0
style.css,316,css,b7a39c6a,Paige Saengsouvanna,2025-10-30,14:24:21,-07:00,2025-10-30T14:24:21-07:00,0,0
style.css,317,css,b7a39c6a,Paige Saengsouvanna,2025-10-30,14:24:21,-07:00,2025-10-30T14:24:21-07:00,0,33
style.css,318,css,b7a39c6a,Paige Saengsouvanna,2025-10-30,14:24:21,-07:00,2025-10-30T14:24:21-07:00,0,0
style.css,319,css,b7a39c6a,Paige Saengsouvanna,2025-10-30,14:24:21,-07:00,2025-10-30T14:24:21-07:00,0,36
style.css,320,css,b7a39c6a,Paige Saengsouvanna,2025-10-30,14:24:21,-07:00,2025-10-30T14:24:21-07:00,1,11
style.css,321,css,b7a39c6a,Paige Saengsouvanna,2025-10-30,14:24:21,-07:00,2025-10-30T14:24:21-07:00,1,28
style.css,322,css,b7a39c6a,Paige Saengsouvanna,2025-10-30,14:24:21,-07:00,2025-10-30T14:24:21-07:00,0,0
style.css,323,css,b7a39c6a,Paige Saengsouvanna,2025-10-30,14:24:21,-07:00,2025-10-30T14:24:21-07:00,0,0
style.css,324,css,b7a39c6a,Paige Saengsouvanna,2025-10-30,14:24:21,-07:00,2025-10-30T14:24:21-07:00,0,14
style.css,325,css,b7a39c6a,Paige Saengsouvanna,2025-10-30,14:24:21,-07:00,2025-10-30T14:24:21-07:00,1,9
style.css,326,css,b7a39c6a,Paige Saengsouvanna,2025-10-30,14:24:21,-07:00,2025-10-30T14:24:21-07:00,1,21
style.css,327,css,b7a39c6a,Paige Saengsouvanna,2025-10-30,14:24:21,-07:00,2025-10-30T14:24:21-07:00,1,49
style.css,328,css,b7a39c6a,Paige Saengsouvanna,2025-10-30,14:24:21,-07:00,2025-10-30T14:24:21-07:00,0,0
style.css,329,css,b7a39c6a,Paige Saengsouvanna,2025-10-30,14:24:21,-07:00,2025-10-30T14:24:21-07:00,0,0
style.css,330,css,b7a39c6a,Paige Saengsouvanna,2025-10-30,14:24:21,-07:00,2025-10-30T14:24:21-07:00,0,25
style.css,331,css,b7a39c6a,Paige Saengsouvanna,2025-10-30,14:24:21,-07:00,2025-10-30T14:24:21-07:00,0,8
style.css,332,css,b7a39c6a,Paige Saengsouvanna,2025-10-30,14:24:21,-07:00,2025-10-30T14:24:21-07:00,1,14
style.css,333,css,b7a39c6a,Paige Saengsouvanna,2025-10-30,14:24:21,-07:00,2025-10-30T14:24:21-07:00,1,49
style.css,334,css,b7a39c6a,Paige Saengsouvanna,2025-10-30,14:24:21,-07:00,2025-10-30T14:24:21-07:00,0,0
style.css,335,css,b7a39c6a,Paige Saengsouvanna,2025-10-30,14:24:21,-07:00,2025-10-30T14:24:21-07:00,0,0
style.css,336,css,b7a39c6a,Paige Saengsouvanna,2025-10-30,14:24:21,-07:00,2025-10-30T14:24:21-07:00,0,27
style.css,337,css,b7a39c6a,Paige Saengsouvanna,2025-10-30,14:24:21,-07:00,2025-10-30T14:24:21-07:00,0,36
style.css,338,css,b7a39c6a,Paige Saengsouvanna,2025-10-30,14:24:21,-07:00,2025-10-30T14:24:21-07:00,1,11
style.css,339,css,b7a39c6a,Paige Saengsouvanna,2025-10-30,14:24:21,-07:00,2025-10-30T14:24:21-07:00,0,0
style.css,340,css,b7a39c6a,Paige Saengsouvanna,2025-10-30,14:24:21,-07:00,2025-10-30T14:24:21-07:00,0,0
style.css,341,css,b7a39c6a,Paige Saengsouvanna,2025-10-30,14:24:21,-07:00,2025-10-30T14:24:21-07:00,0,14
style.css,342,css,b7a39c6a,Paige Saengsouvanna,2025-10-30,14:24:21,-07:00,2025-10-30T14:24:21-07:00,1,21
style.css,343,css,b7a39c6a,Paige Saengsouvanna,2025-10-30,14:24:21,-07:00,2025-10-30T14:24:21-07:00,0,0
style.css,344,css,b7a39c6a,Paige Saengsouvanna,2025-10-30,14:24:21,-07:00,2025-10-30T14:24:21-07:00,0,0
style.css,345,css,b7a39c6a,Paige Saengsouvanna,2025-10-30,14:24:21,-07:00,2025-10-30T14:24:21-07:00,0,27
style.css,346,css,b7a39c6a,Paige Saengsouvanna,2025-10-30,14:24:21,-07:00,2025-10-30T14:24:21-07:00,0,9
style.css,347,css,b7a39c6a,Paige Saengsouvanna,2025-10-30,14:24:21,-07:00,2025-10-30T14:24:21-07:00,1,35
style.css,348,css,b7a39c6a,Paige Saengsouvanna,2025-10-30,14:24:21,-07:00,2025-10-30T14:24:21-07:00,0,0
style.css,349,css,b7a39c6a,Paige Saengsouvanna,2025-10-30,14:24:21,-07:00,2025-10-30T14:24:21-07:00,0,0
style.css,350,css,b7a39c6a,Paige Saengsouvanna,2025-10-30,14:24:21,-07:00,2025-10-30T14:24:21-07:00,0,18
style.css,351,css,b7a39c6a,Paige Saengsouvanna,2025-10-30,14:24:21,-07:00,2025-10-30T14:24:21-07:00,1,17
style.css,352,css,b7a39c6a,Paige Saengsouvanna,2025-10-30,14:24:21,-07:00,2025-10-30T14:24:21-07:00,1,20
style.css,353,css,b7a39c6a,Paige Saengsouvanna,2025-10-30,14:24:21,-07:00,2025-10-30T14:24:21-07:00,1,20
style.css,354,css,b7a39c6a,Paige Saengsouvanna,2025-10-30,14:24:21,-07:00,2025-10-30T14:24:21-07:00,0,0
style.css,355,css,b7a39c6a,Paige Saengsouvanna,2025-10-30,14:24:21,-07:00,2025-10-30T14:24:21-07:00,0,0
style.css,356,css,b7a39c6a,Paige Saengsouvanna,2025-10-30,14:24:21,-07:00,2025-10-30T14:24:21-07:00,0,16
style.css,357,css,b7a39c6a,Paige Saengsouvanna,2025-10-30,14:24:21,-07:00,2025-10-30T14:24:21-07:00,1,16
style.css,358,css,b7a39c6a,Paige Saengsouvanna,2025-10-30,14:24:21,-07:00,2025-10-30T14:24:21-07:00,1,18
style.css,359,css,b7a39c6a,Paige Saengsouvanna,2025-10-30,14:24:21,-07:00,2025-10-30T14:24:21-07:00,0,0
index.js,1,js,37ecfe46,Paige Saengsouvanna,2025-10-23,20:03:51,-07:00,2025-10-23T20:03:51-07:00,0,71
index.js,2,js,37ecfe46,Paige Saengsouvanna,2025-10-23,20:03:51,-07:00,2025-10-23T20:03:51-07:00,0,0
index.js,3,js,37ecfe46,Paige Saengsouvanna,2025-10-23,20:03:51,-07:00,2025-10-23T20:03:51-07:00,0,35
index.js,4,js,37ecfe46,Paige Saengsouvanna,2025-10-23,20:03:51,-07:00,2025-10-23T20:03:51-07:00,2,3
index.js,5,js,37ecfe46,Paige Saengsouvanna,2025-10-23,20:03:51,-07:00,2025-10-23T20:03:51-07:00,3,60
index.js,6,js,37ecfe46,Paige Saengsouvanna,2025-10-23,20:03:51,-07:00,2025-10-23T20:03:51-07:00,3,24
index.js,7,js,37ecfe46,Paige Saengsouvanna,2025-10-23,20:03:51,-07:00,2025-10-23T20:03:51-07:00,1,0
index.js,8,js,37ecfe46,Paige Saengsouvanna,2025-10-23,20:03:51,-07:00,2025-10-23T20:03:51-07:00,3,97
index.js,9,js,37ecfe46,Paige Saengsouvanna,2025-10-23,20:03:51,-07:00,2025-10-23T20:03:51-07:00,3,22
index.js,10,js,37ecfe46,Paige Saengsouvanna,2025-10-23,20:03:51,-07:00,2025-10-23T20:03:51-07:00,1,0
index.js,11,js,37ecfe46,Paige Saengsouvanna,2025-10-23,20:03:51,-07:00,2025-10-23T20:03:51-07:00,3,24
index.js,12,js,37ecfe46,Paige Saengsouvanna,2025-10-23,20:03:51,-07:00,2025-10-23T20:03:51-07:00,4,2
index.js,13,js,37ecfe46,Paige Saengsouvanna,2025-10-23,20:03:51,-07:00,2025-10-23T20:03:51-07:00,5,55
index.js,14,js,37ecfe46,Paige Saengsouvanna,2025-10-23,20:03:51,-07:00,2025-10-23T20:03:51-07:00,5,55
index.js,15,js,37ecfe46,Paige Saengsouvanna,2025-10-23,20:03:51,-07:00,2025-10-23T20:03:51-07:00,5,49
index.js,16,js,37ecfe46,Paige Saengsouvanna,2025-10-23,20:03:51,-07:00,2025-10-23T20:03:51-07:00,5,49
index.js,17,js,37ecfe46,Paige Saengsouvanna,2025-10-23,20:03:51,-07:00,2025-10-23T20:03:51-07:00,4,3
index.js,18,js,37ecfe46,Paige Saengsouvanna,2025-10-23,20:03:51,-07:00,2025-10-23T20:03:51-07:00,3,0
index.js,19,js,37ecfe46,Paige Saengsouvanna,2025-10-23,20:03:51,-07:00,2025-10-23T20:03:51-07:00,2,15
index.js,20,js,37ecfe46,Paige Saengsouvanna,2025-10-23,20:03:51,-07:00,2025-10-23T20:03:51-07:00,3,51
index.js,21,js,37ecfe46,Paige Saengsouvanna,2025-10-23,20:03:51,-07:00,2025-10-23T20:03:51-07:00,2,0
index.js,22,js,37ecfe46,Paige Saengsouvanna,2025-10-23,20:03:51,-07:00,2025-10-23T20:03:51-07:00,1,0
index.js,23,js,37ecfe46,Paige Saengsouvanna,2025-10-23,20:03:51,-07:00,2025-10-23T20:03:51-07:00,0,0
index.js,24,js,37ecfe46,Paige Saengsouvanna,2025-10-23,20:03:51,-07:00,2025-10-23T20:03:51-07:00,0,19
index.js,25,js,37ecfe46,Paige Saengsouvanna,2025-10-23,20:03:51,-07:00,2025-10-23T20:03:51-07:00,0,0
index.js,26,js,37ecfe46,Paige Saengsouvanna,2025-10-23,20:03:51,-07:00,2025-10-23T20:03:51-07:00,0,0
index.js,27,js,37ecfe46,Paige Saengsouvanna,2025-10-23,20:03:51,-07:00,2025-10-23T20:03:51-07:00,0,38
index.js,28,js,37ecfe46,Paige Saengsouvanna,2025-10-23,20:03:51,-07:00,2025-10-23T20:03:51-07:00,1,3
index.js,29,js,37ecfe46,Paige Saengsouvanna,2025-10-23,20:03:51,-07:00,2025-10-23T20:03:51-07:00,2,19
index.js,30,js,37ecfe46,Paige Saengsouvanna,2025-10-23,20:03:51,-07:00,2025-10-23T20:03:51-07:00,2,54
index.js,31,js,37ecfe46,Paige Saengsouvanna,2025-10-23,20:03:51,-07:00,2025-10-23T20:03:51-07:00,2,42
index.js,32,js,37ecfe46,Paige Saengsouvanna,2025-10-23,20:03:51,-07:00,2025-10-23T20:03:51-07:00,2,60
index.js,33,js,37ecfe46,Paige Saengsouvanna,2025-10-23,20:03:51,-07:00,2025-10-23T20:03:51-07:00,0,0
index.js,34,js,37ecfe46,Paige Saengsouvanna,2025-10-23,20:03:51,-07:00,2025-10-23T20:03:51-07:00,0,0
index.js,35,js,37ecfe46,Paige Saengsouvanna,2025-10-23,20:03:51,-07:00,2025-10-23T20:03:51-07:00,2,54
index.js,36,js,37ecfe46,Paige Saengsouvanna,2025-10-23,20:03:51,-07:00,2025-10-23T20:03:51-07:00,0,0
index.js,37,js,37ecfe46,Paige Saengsouvanna,2025-10-23,20:03:51,-07:00,2025-10-23T20:03:51-07:00,1,15
index.js,38,js,37ecfe46,Paige Saengsouvanna,2025-10-23,20:03:51,-07:00,2025-10-23T20:03:51-07:00,2,56
index.js,39,js,37ecfe46,Paige Saengsouvanna,2025-10-23,20:03:51,-07:00,2025-10-23T20:03:51-07:00,1,0
index.js,40,js,37ecfe46,Paige Saengsouvanna,2025-10-23,20:03:51,-07:00,2025-10-23T20:03:51-07:00,0,0
index.js,41,js,37ecfe46,Paige Saengsouvanna,2025-10-23,20:03:51,-07:00,2025-10-23T20:03:51-07:00,0,0
index.js,42,js,37ecfe46,Paige Saengsouvanna,2025-10-23,20:03:51,-07:00,2025-10-23T20:03:51-07:00,0,0
index.js,43,js,37ecfe46,Paige Saengsouvanna,2025-10-23,20:03:51,-07:00,2025-10-23T20:03:51-07:00,0,22
index.html,1,html,034af0f7,Paige Saengsouvanna,2025-09-30,19:00:29,-07:00,2025-09-30T19:00:29-07:00,0,13
index.html,2,html,034af0f7,Paige Saengsouvanna,2025-09-30,19:00:29,-07:00,2025-09-30T19:00:29-07:00,0,14
index.html,3,html,034af0f7,Paige Saengsouvanna,2025-09-30,19:00:29,-07:00,2025-09-30T19:00:29-07:00,0,4
index.html,4,html,034af0f7,Paige Saengsouvanna,2025-09-30,19:00:29,-07:00,2025-09-30T19:00:29-07:00,2,20
index.html,5,html,034af0f7,Paige Saengsouvanna,2025-09-30,19:00:29,-07:00,2025-09-30T19:00:29-07:00,2,68
index.html,6,html,fadf8be0,Paige Saengsouvanna,2025-10-17,21:49:02,-07:00,2025-10-17T21:49:02-07:00,2,61
index.html,7,html,4fc7eea0,Paige Saengsouvanna,2025-10-02,18:09:16,-07:00,2025-10-02T18:09:16-07:00,2,38
index.html,8,html,034af0f7,Paige Saengsouvanna,2025-09-30,19:00:29,-07:00,2025-09-30T19:00:29-07:00,0,5
index.html,9,html,034af0f7,Paige Saengsouvanna,2025-09-30,19:00:29,-07:00,2025-09-30T19:00:29-07:00,0,4
index.html,10,html,bb091c71,Paige Saengsouvanna,2025-10-17,22:04:31,-07:00,2025-10-17T22:04:31-07:00,2,6
index.html,11,html,bb091c71,Paige Saengsouvanna,2025-10-17,22:04:31,-07:00,2025-10-17T22:04:31-07:00,2,7
index.html,12,html,fadf8be0,Paige Saengsouvanna,2025-10-17,21:49:02,-07:00,2025-10-17T21:49:02-07:00,2,4
index.html,13,html,fadf8be0,Paige Saengsouvanna,2025-10-17,21:49:02,-07:00,2025-10-17T21:49:02-07:00,4,26
index.html,14,html,e30fbfda,Paige Saengsouvanna,2025-10-29,12:20:19,-07:00,2025-10-29T12:20:19-07:00,4,0
index.html,15,html,e30fbfda,Paige Saengsouvanna,2025-10-29,12:20:19,-07:00,2025-10-29T12:20:19-07:00,4,0
index.html,16,html,37ecfe46,Paige Saengsouvanna,2025-10-23,20:03:51,-07:00,2025-10-23T20:03:51-07:00,4,20
index.html,17,html,37ecfe46,Paige Saengsouvanna,2025-10-23,20:03:51,-07:00,2025-10-23T20:03:51-07:00,4,24
index.html,18,html,37ecfe46,Paige Saengsouvanna,2025-10-23,20:03:51,-07:00,2025-10-23T20:03:51-07:00,5,40
index.html,19,html,37ecfe46,Paige Saengsouvanna,2025-10-23,20:03:51,-07:00,2025-10-23T20:03:51-07:00,4,4
index.html,20,html,37ecfe46,Paige Saengsouvanna,2025-10-23,20:03:51,-07:00,2025-10-23T20:03:51-07:00,4,27
index.html,21,html,37ecfe46,Paige Saengsouvanna,2025-10-23,20:03:51,-07:00,2025-10-23T20:03:51-07:00,4,22
index.html,22,html,37ecfe46,Paige Saengsouvanna,2025-10-23,20:03:51,-07:00,2025-10-23T20:03:51-07:00,6,49
index.html,23,html,37ecfe46,Paige Saengsouvanna,2025-10-23,20:03:51,-07:00,2025-10-23T20:03:51-07:00,4,4
index.html,24,html,37ecfe46,Paige Saengsouvanna,2025-10-23,20:03:51,-07:00,2025-10-23T20:03:51-07:00,0,0
index.html,25,html,37ecfe46,Paige Saengsouvanna,2025-10-23,20:03:51,-07:00,2025-10-23T20:03:51-07:00,2,0
index.html,26,html,fadf8be0,Paige Saengsouvanna,2025-10-17,21:49:02,-07:00,2025-10-17T21:49:02-07:00,4,1
index.html,27,html,fadf8be0,Paige Saengsouvanna,2025-10-17,21:49:02,-07:00,2025-10-17T21:49:02-07:00,6,117
index.html,28,html,fadf8be0,Paige Saengsouvanna,2025-10-17,21:49:02,-07:00,2025-10-17T21:49:02-07:00,4,2
index.html,29,html,fadf8be0,Paige Saengsouvanna,2025-10-17,21:49:02,-07:00,2025-10-17T21:49:02-07:00,4,67
index.html,30,html,fadf8be0,Paige Saengsouvanna,2025-10-17,21:49:02,-07:00,2025-10-17T21:49:02-07:00,2,5
index.html,31,html,bb091c71,Paige Saengsouvanna,2025-10-17,22:04:31,-07:00,2025-10-17T22:04:31-07:00,0,0
index.html,32,html,e30fbfda,Paige Saengsouvanna,2025-10-29,12:20:19,-07:00,2025-10-29T12:20:19-07:00,0,0
index.html,33,html,37ecfe46,Paige Saengsouvanna,2025-10-23,20:03:51,-07:00,2025-10-23T20:03:51-07:00,2,45
index.html,34,html,37ecfe46,Paige Saengsouvanna,2025-10-23,20:03:51,-07:00,2025-10-23T20:03:51-07:00,2,50
index.html,35,html,fadf8be0,Paige Saengsouvanna,2025-10-17,21:49:02,-07:00,2025-10-17T21:49:02-07:00,0,5
index.html,36,html,bb091c71,Paige Saengsouvanna,2025-10-17,22:04:31,-07:00,2025-10-17T22:04:31-07:00,0,5
index.html,37,html,37ecfe46,Paige Saengsouvanna,2025-10-23,20:03:51,-07:00,2025-10-23T20:03:51-07:00,0,0
global.js,1,js,fbd6e7a2,Paige Saengsouvanna,2025-10-13,17:46:28,-07:00,2025-10-13T17:46:28-07:00,0,25
global.js,2,js,fbd6e7a2,Paige Saengsouvanna,2025-10-13,17:46:28,-07:00,2025-10-13T17:46:28-07:00,0,0
global.js,3,js,fbd6e7a2,Paige Saengsouvanna,2025-10-13,17:46:28,-07:00,2025-10-13T17:46:28-07:00,0,40
global.js,4,js,fbd6e7a2,Paige Saengsouvanna,2025-10-13,17:46:28,-07:00,2025-10-13T17:46:28-07:00,2,52
global.js,5,js,fbd6e7a2,Paige Saengsouvanna,2025-10-13,17:46:28,-07:00,2025-10-13T17:46:28-07:00,0,0
global.js,6,js,fbd6e7a2,Paige Saengsouvanna,2025-10-13,17:46:28,-07:00,2025-10-13T17:46:28-07:00,0,0
global.js,7,js,fbd6e7a2,Paige Saengsouvanna,2025-10-13,17:46:28,-07:00,2025-10-13T17:46:28-07:00,0,25
global.js,8,js,fbd6e7a2,Paige Saengsouvanna,2025-10-13,17:46:28,-07:00,2025-10-13T17:46:28-07:00,0,30
global.js,9,js,fbd6e7a2,Paige Saengsouvanna,2025-10-13,17:46:28,-07:00,2025-10-13T17:46:28-07:00,1,65
global.js,10,js,fbd6e7a2,Paige Saengsouvanna,2025-10-13,17:46:28,-07:00,2025-10-13T17:46:28-07:00,0,0
global.js,11,js,fbd6e7a2,Paige Saengsouvanna,2025-10-13,17:46:28,-07:00,2025-10-13T17:46:28-07:00,0,16
global.js,12,js,fbd6e7a2,Paige Saengsouvanna,2025-10-13,17:46:28,-07:00,2025-10-13T17:46:28-07:00,1,35
global.js,13,js,fbd6e7a2,Paige Saengsouvanna,2025-10-13,17:46:28,-07:00,2025-10-13T17:46:28-07:00,0,0
global.js,14,js,fbd6e7a2,Paige Saengsouvanna,2025-10-13,17:46:28,-07:00,2025-10-13T17:46:28-07:00,0,0
global.js,15,js,fbd6e7a2,Paige Saengsouvanna,2025-10-13,17:46:28,-07:00,2025-10-13T17:46:28-07:00,0,0
global.js,16,js,fbd6e7a2,Paige Saengsouvanna,2025-10-13,17:46:28,-07:00,2025-10-13T17:46:28-07:00,0,11
global.js,17,js,fbd6e7a2,Paige Saengsouvanna,2025-10-13,17:46:28,-07:00,2025-10-13T17:46:28-07:00,1,25
global.js,18,js,699a775a,Paige Saengsouvanna,2025-10-17,22:13:41,-07:00,2025-10-17T22:13:41-07:00,1,38
global.js,19,js,bb091c71,Paige Saengsouvanna,2025-10-17,22:04:31,-07:00,2025-10-17T22:04:31-07:00,1,36
global.js,20,js,bb091c71,Paige Saengsouvanna,2025-10-17,22:04:31,-07:00,2025-10-17T22:04:31-07:00,1,34
global.js,21,js,bb091c71,Paige Saengsouvanna,2025-10-17,22:04:31,-07:00,2025-10-17T22:04:31-07:00,1,56
global.js,22,js,fbd6e7a2,Paige Saengsouvanna,2025-10-13,17:46:28,-07:00,2025-10-13T17:46:28-07:00,0,0
global.js,23,js,fbd6e7a2,Paige Saengsouvanna,2025-10-13,17:46:28,-07:00,2025-10-13T17:46:28-07:00,0,0
global.js,24,js,fbd6e7a2,Paige Saengsouvanna,2025-10-13,17:46:28,-07:00,2025-10-13T17:46:28-07:00,0,15
global.js,25,js,fbd6e7a2,Paige Saengsouvanna,2025-10-13,17:46:28,-07:00,2025-10-13T17:46:28-07:00,1,68
global.js,26,js,fbd6e7a2,Paige Saengsouvanna,2025-10-13,17:46:28,-07:00,2025-10-13T17:46:28-07:00,2,3
global.js,27,js,c3b0c3b4,Paige Saengsouvanna,2025-10-17,22:18:04,-07:00,2025-10-17T22:18:04-07:00,2,14
global.js,28,js,c3b0c3b4,Paige Saengsouvanna,2025-10-17,22:18:04,-07:00,2025-10-17T22:18:04-07:00,0,0
global.js,29,js,fbd6e7a2,Paige Saengsouvanna,2025-10-13,17:46:28,-07:00,2025-10-13T17:46:28-07:00,0,0
global.js,30,js,fbd6e7a2,Paige Saengsouvanna,2025-10-13,17:46:28,-07:00,2025-10-13T17:46:28-07:00,0,0
global.js,31,js,fbd6e7a2,Paige Saengsouvanna,2025-10-13,17:46:28,-07:00,2025-10-13T17:46:28-07:00,0,38
global.js,32,js,fbd6e7a2,Paige Saengsouvanna,2025-10-13,17:46:28,-07:00,2025-10-13T17:46:28-07:00,0,25
global.js,33,js,fbd6e7a2,Paige Saengsouvanna,2025-10-13,17:46:28,-07:00,2025-10-13T17:46:28-07:00,0,0
global.js,34,js,fbd6e7a2,Paige Saengsouvanna,2025-10-13,17:46:28,-07:00,2025-10-13T17:46:28-07:00,0,0
global.js,35,js,fbd6e7a2,Paige Saengsouvanna,2025-10-13,17:46:28,-07:00,2025-10-13T17:46:28-07:00,0,20
global.js,36,js,fbd6e7a2,Paige Saengsouvanna,2025-10-13,17:46:28,-07:00,2025-10-13T17:46:28-07:00,1,14
global.js,37,js,fbd6e7a2,Paige Saengsouvanna,2025-10-13,17:46:28,-07:00,2025-10-13T17:46:28-07:00,1,18
global.js,38,js,fbd6e7a2,Paige Saengsouvanna,2025-10-13,17:46:28,-07:00,2025-10-13T17:46:28-07:00,0,0
global.js,39,js,fbd6e7a2,Paige Saengsouvanna,2025-10-13,17:46:28,-07:00,2025-10-13T17:46:28-07:00,0,0
global.js,40,js,fbd6e7a2,Paige Saengsouvanna,2025-10-13,17:46:28,-07:00,2025-10-13T17:46:28-07:00,1,52
global.js,41,js,fbd6e7a2,Paige Saengsouvanna,2025-10-13,17:46:28,-07:00,2025-10-13T17:46:28-07:00,0,0
global.js,42,js,fbd6e7a2,Paige Saengsouvanna,2025-10-13,17:46:28,-07:00,2025-10-13T17:46:28-07:00,0,0
global.js,43,js,fbd6e7a2,Paige Saengsouvanna,2025-10-13,17:46:28,-07:00,2025-10-13T17:46:28-07:00,1,34
global.js,44,js,fbd6e7a2,Paige Saengsouvanna,2025-10-13,17:46:28,-07:00,2025-10-13T17:46:28-07:00,1,11
global.js,45,js,fbd6e7a2,Paige Saengsouvanna,2025-10-13,17:46:28,-07:00,2025-10-13T17:46:28-07:00,1,20
global.js,46,js,fbd6e7a2,Paige Saengsouvanna,2025-10-13,17:46:28,-07:00,2025-10-13T17:46:28-07:00,0,0
global.js,47,js,fbd6e7a2,Paige Saengsouvanna,2025-10-13,17:46:28,-07:00,2025-10-13T17:46:28-07:00,0,0
global.js,48,js,fbd6e7a2,Paige Saengsouvanna,2025-10-13,17:46:28,-07:00,2025-10-13T17:46:28-07:00,1,17
global.js,49,js,fbd6e7a2,Paige Saengsouvanna,2025-10-13,17:46:28,-07:00,2025-10-13T17:46:28-07:00,2,8
global.js,50,js,fbd6e7a2,Paige Saengsouvanna,2025-10-13,17:46:28,-07:00,2025-10-13T17:46:28-07:00,2,58
global.js,51,js,fbd6e7a2,Paige Saengsouvanna,2025-10-13,17:46:28,-07:00,2025-10-13T17:46:28-07:00,1,0
global.js,52,js,fbd6e7a2,Paige Saengsouvanna,2025-10-13,17:46:28,-07:00,2025-10-13T17:46:28-07:00,0,0
global.js,53,js,fbd6e7a2,Paige Saengsouvanna,2025-10-13,17:46:28,-07:00,2025-10-13T17:46:28-07:00,1,52
global.js,54,js,fbd6e7a2,Paige Saengsouvanna,2025-10-13,17:46:28,-07:00,2025-10-13T17:46:28-07:00,1,12
global.js,55,js,fbd6e7a2,Paige Saengsouvanna,2025-10-13,17:46:28,-07:00,2025-10-13T17:46:28-07:00,0,0
global.js,56,js,fbd6e7a2,Paige Saengsouvanna,2025-10-13,17:46:28,-07:00,2025-10-13T17:46:28-07:00,0,0
global.js,57,js,fbd6e7a2,Paige Saengsouvanna,2025-10-13,17:46:28,-07:00,2025-10-13T17:46:28-07:00,0,27
global.js,58,js,fbd6e7a2,Paige Saengsouvanna,2025-10-13,17:46:28,-07:00,2025-10-13T17:46:28-07:00,0,0
global.js,59,js,fbd6e7a2,Paige Saengsouvanna,2025-10-13,17:46:28,-07:00,2025-10-13T17:46:28-07:00,0,31
global.js,60,js,fbd6e7a2,Paige Saengsouvanna,2025-10-13,17:46:28,-07:00,2025-10-13T17:46:28-07:00,1,11
global.js,61,js,fbd6e7a2,Paige Saengsouvanna,2025-10-13,17:46:28,-07:00,2025-10-13T17:46:28-07:00,1,0
global.js,62,js,fbd6e7a2,Paige Saengsouvanna,2025-10-13,17:46:28,-07:00,2025-10-13T17:46:28-07:00,1,26
global.js,63,js,fbd6e7a2,Paige Saengsouvanna,2025-10-13,17:46:28,-07:00,2025-10-13T17:46:28-07:00,2,4
global.js,64,js,fbd6e7a2,Paige Saengsouvanna,2025-10-13,17:46:28,-07:00,2025-10-13T17:46:28-07:00,2,6
global.js,65,js,fbd6e7a2,Paige Saengsouvanna,2025-10-13,17:46:28,-07:00,2025-10-13T17:46:28-07:00,3,43
global.js,66,js,fbd6e7a2,Paige Saengsouvanna,2025-10-13,17:46:28,-07:00,2025-10-13T17:46:28-07:00,3,34
global.js,67,js,fbd6e7a2,Paige Saengsouvanna,2025-10-13,17:46:28,-07:00,2025-10-13T17:46:28-07:00,3,32
global.js,68,js,fbd6e7a2,Paige Saengsouvanna,2025-10-13,17:46:28,-07:00,2025-10-13T17:46:28-07:00,2,7
global.js,69,js,fbd6e7a2,Paige Saengsouvanna,2025-10-13,17:46:28,-07:00,2025-10-13T17:46:28-07:00,1,6
global.js,70,js,fbd6e7a2,Paige Saengsouvanna,2025-10-13,17:46:28,-07:00,2025-10-13T17:46:28-07:00,1,0
global.js,71,js,fbd6e7a2,Paige Saengsouvanna,2025-10-13,17:46:28,-07:00,2025-10-13T17:46:28-07:00,0,0
global.js,72,js,fbd6e7a2,Paige Saengsouvanna,2025-10-13,17:46:28,-07:00,2025-10-13T17:46:28-07:00,0,0
global.js,73,js,fbd6e7a2,Paige Saengsouvanna,2025-10-13,17:46:28,-07:00,2025-10-13T17:46:28-07:00,0,65
global.js,74,js,fbd6e7a2,Paige Saengsouvanna,2025-10-13,17:46:28,-07:00,2025-10-13T17:46:28-07:00,0,36
global.js,75,js,fbd6e7a2,Paige Saengsouvanna,2025-10-13,17:46:28,-07:00,2025-10-13T17:46:28-07:00,0,0
global.js,76,js,fbd6e7a2,Paige Saengsouvanna,2025-10-13,17:46:28,-07:00,2025-10-13T17:46:28-07:00,0,44
global.js,77,js,fbd6e7a2,Paige Saengsouvanna,2025-10-13,17:46:28,-07:00,2025-10-13T17:46:28-07:00,1,41
global.js,78,js,fbd6e7a2,Paige Saengsouvanna,2025-10-13,17:46:28,-07:00,2025-10-13T17:46:28-07:00,1,70
global.js,79,js,fbd6e7a2,Paige Saengsouvanna,2025-10-13,17:46:28,-07:00,2025-10-13T17:46:28-07:00,0,1
global.js,80,js,fbd6e7a2,Paige Saengsouvanna,2025-10-13,17:46:28,-07:00,2025-10-13T17:46:28-07:00,0,0
global.js,81,js,fbd6e7a2,Paige Saengsouvanna,2025-10-13,17:46:28,-07:00,2025-10-13T17:46:28-07:00,0,42
global.js,82,js,fbd6e7a2,Paige Saengsouvanna,2025-10-13,17:46:28,-07:00,2025-10-13T17:46:28-07:00,0,10
global.js,83,js,fbd6e7a2,Paige Saengsouvanna,2025-10-13,17:46:28,-07:00,2025-10-13T17:46:28-07:00,1,29
global.js,84,js,fbd6e7a2,Paige Saengsouvanna,2025-10-13,17:46:28,-07:00,2025-10-13T17:46:28-07:00,1,24
global.js,85,js,fbd6e7a2,Paige Saengsouvanna,2025-10-13,17:46:28,-07:00,2025-10-13T17:46:28-07:00,0,0
global.js,86,js,37ecfe46,Paige Saengsouvanna,2025-10-23,20:03:51,-07:00,2025-10-23T20:03:51-07:00,0,0
global.js,87,js,37ecfe46,Paige Saengsouvanna,2025-10-23,20:03:51,-07:00,2025-10-23T20:03:51-07:00,0,6
global.js,88,js,37ecfe46,Paige Saengsouvanna,2025-10-23,20:03:51,-07:00,2025-10-23T20:03:51-07:00,0,36
global.js,89,js,37ecfe46,Paige Saengsouvanna,2025-10-23,20:03:51,-07:00,2025-10-23T20:03:51-07:00,1,3
global.js,90,js,37ecfe46,Paige Saengsouvanna,2025-10-23,20:03:51,-07:00,2025-10-23T20:03:51-07:00,2,39
global.js,91,js,37ecfe46,Paige Saengsouvanna,2025-10-23,20:03:51,-07:00,2025-10-23T20:03:51-07:00,2,32
global.js,92,js,37ecfe46,Paige Saengsouvanna,2025-10-23,20:03:51,-07:00,2025-10-23T20:03:51-07:00,0,0
global.js,93,js,37ecfe46,Paige Saengsouvanna,2025-10-23,20:03:51,-07:00,2025-10-23T20:03:51-07:00,2,37
global.js,94,js,37ecfe46,Paige Saengsouvanna,2025-10-23,20:03:51,-07:00,2025-10-23T20:03:51-07:00,2,17
global.js,95,js,37ecfe46,Paige Saengsouvanna,2025-10-23,20:03:51,-07:00,2025-10-23T20:03:51-07:00,3,66
global.js,96,js,37ecfe46,Paige Saengsouvanna,2025-10-23,20:03:51,-07:00,2025-10-23T20:03:51-07:00,2,0
global.js,97,js,37ecfe46,Paige Saengsouvanna,2025-10-23,20:03:51,-07:00,2025-10-23T20:03:51-07:00,0,0
global.js,98,js,37ecfe46,Paige Saengsouvanna,2025-10-23,20:03:51,-07:00,2025-10-23T20:03:51-07:00,2,28
global.js,99,js,37ecfe46,Paige Saengsouvanna,2025-10-23,20:03:51,-07:00,2025-10-23T20:03:51-07:00,2,20
global.js,100,js,37ecfe46,Paige Saengsouvanna,2025-10-23,20:03:51,-07:00,2025-10-23T20:03:51-07:00,0,0
global.js,101,js,37ecfe46,Paige Saengsouvanna,2025-10-23,20:03:51,-07:00,2025-10-23T20:03:51-07:00,2,32
global.js,102,js,37ecfe46,Paige Saengsouvanna,2025-10-23,20:03:51,-07:00,2025-10-23T20:03:51-07:00,2,33
global.js,103,js,37ecfe46,Paige Saengsouvanna,2025-10-23,20:03:51,-07:00,2025-10-23T20:03:51-07:00,0,0
global.js,104,js,37ecfe46,Paige Saengsouvanna,2025-10-23,20:03:51,-07:00,2025-10-23T20:03:51-07:00,2,23
global.js,105,js,37ecfe46,Paige Saengsouvanna,2025-10-23,20:03:51,-07:00,2025-10-23T20:03:51-07:00,2,10
global.js,106,js,37ecfe46,Paige Saengsouvanna,2025-10-23,20:03:51,-07:00,2025-10-23T20:03:51-07:00,1,15
global.js,107,js,37ecfe46,Paige Saengsouvanna,2025-10-23,20:03:51,-07:00,2025-10-23T20:03:51-07:00,2,59
global.js,108,js,37ecfe46,Paige Saengsouvanna,2025-10-23,20:03:51,-07:00,2025-10-23T20:03:51-07:00,1,0
global.js,109,js,37ecfe46,Paige Saengsouvanna,2025-10-23,20:03:51,-07:00,2025-10-23T20:03:51-07:00,0,0
global.js,110,js,37ecfe46,Paige Saengsouvanna,2025-10-23,20:03:51,-07:00,2025-10-23T20:03:51-07:00,0,0
global.js,111,js,37ecfe46,Paige Saengsouvanna,2025-10-23,20:03:51,-07:00,2025-10-23T20:03:51-07:00,0,0
global.js,112,js,e30fbfda,Paige Saengsouvanna,2025-10-29,12:20:19,-07:00,2025-10-29T12:20:19-07:00,0,17
global.js,113,js,37ecfe46,Paige Saengsouvanna,2025-10-23,20:03:51,-07:00,2025-10-23T20:03:51-07:00,0,79
global.js,114,js,37ecfe46,Paige Saengsouvanna,2025-10-23,20:03:51,-07:00,2025-10-23T20:03:51-07:00,1,24
global.js,115,js,37ecfe46,Paige Saengsouvanna,2025-10-23,20:03:51,-07:00,2025-10-23T20:03:51-07:00,1,29
global.js,116,js,37ecfe46,Paige Saengsouvanna,2025-10-23,20:03:51,-07:00,2025-10-23T20:03:51-07:00,2,66
global.js,117,js,37ecfe46,Paige Saengsouvanna,2025-10-23,20:03:51,-07:00,2025-10-23T20:03:51-07:00,2,5
global.js,118,js,37ecfe46,Paige Saengsouvanna,2025-10-23,20:03:51,-07:00,2025-10-23T20:03:51-07:00,1,0
global.js,119,js,37ecfe46,Paige Saengsouvanna,2025-10-23,20:03:51,-07:00,2025-10-23T20:03:51-07:00,0,0
global.js,120,js,37ecfe46,Paige Saengsouvanna,2025-10-23,20:03:51,-07:00,2025-10-23T20:03:51-07:00,1,47
global.js,121,js,37ecfe46,Paige Saengsouvanna,2025-10-23,20:03:51,-07:00,2025-10-23T20:03:51-07:00,2,77
global.js,122,js,37ecfe46,Paige Saengsouvanna,2025-10-23,20:03:51,-07:00,2025-10-23T20:03:51-07:00,2,5
global.js,123,js,37ecfe46,Paige Saengsouvanna,2025-10-23,20:03:51,-07:00,2025-10-23T20:03:51-07:00,1,0
global.js,124,js,37ecfe46,Paige Saengsouvanna,2025-10-23,20:03:51,-07:00,2025-10-23T20:03:51-07:00,0,0
global.js,125,js,37ecfe46,Paige Saengsouvanna,2025-10-23,20:03:51,-07:00,2025-10-23T20:03:51-07:00,1,57
global.js,126,js,37ecfe46,Paige Saengsouvanna,2025-10-23,20:03:51,-07:00,2025-10-23T20:03:51-07:00,1,61
global.js,127,js,37ecfe46,Paige Saengsouvanna,2025-10-23,20:03:51,-07:00,2025-10-23T20:03:51-07:00,0,0
global.js,128,js,37ecfe46,Paige Saengsouvanna,2025-10-23,20:03:51,-07:00,2025-10-23T20:03:51-07:00,0,0
global.js,129,js,37ecfe46,Paige Saengsouvanna,2025-10-23,20:03:51,-07:00,2025-10-23T20:03:51-07:00,1,29
global.js,130,js,37ecfe46,Paige Saengsouvanna,2025-10-23,20:03:51,-07:00,2025-10-23T20:03:51-07:00,1,26
global.js,131,js,37ecfe46,Paige Saengsouvanna,2025-10-23,20:03:51,-07:00,2025-10-23T20:03:51-07:00,2,73
global.js,132,js,37ecfe46,Paige Saengsouvanna,2025-10-23,20:03:51,-07:00,2025-10-23T20:03:51-07:00,2,5
global.js,133,js,37ecfe46,Paige Saengsouvanna,2025-10-23,20:03:51,-07:00,2025-10-23T20:03:51-07:00,1,0
global.js,134,js,37ecfe46,Paige Saengsouvanna,2025-10-23,20:03:51,-07:00,2025-10-23T20:03:51-07:00,0,0
global.js,135,js,e30fbfda,Paige Saengsouvanna,2025-10-29,12:20:19,-07:00,2025-10-29T12:20:19-07:00,1,28
global.js,136,js,37ecfe46,Paige Saengsouvanna,2025-10-23,20:03:51,-07:00,2025-10-23T20:03:51-07:00,1,27
global.js,137,js,37ecfe46,Paige Saengsouvanna,2025-10-23,20:03:51,-07:00,2025-10-23T20:03:51-07:00,2,48
global.js,138,js,e30fbfda,Paige Saengsouvanna,2025-10-29,12:20:19,-07:00,2025-10-29T12:20:19-07:00,0,62
global.js,139,js,e30fbfda,Paige Saengsouvanna,2025-10-29,12:20:19,-07:00,2025-10-29T12:20:19-07:00,0,49
global.js,140,js,e30fbfda,Paige Saengsouvanna,2025-10-29,12:20:19,-07:00,2025-10-29T12:20:19-07:00,0,54
global.js,141,js,e30fbfda,Paige Saengsouvanna,2025-10-29,12:20:19,-07:00,2025-10-29T12:20:19-07:00,0,0
global.js,142,js,e30fbfda,Paige Saengsouvanna,2025-10-29,12:20:19,-07:00,2025-10-29T12:20:19-07:00,0,18
global.js,143,js,e30fbfda,Paige Saengsouvanna,2025-10-29,12:20:19,-07:00,2025-10-29T12:20:19-07:00,1,40
global.js,144,js,e30fbfda,Paige Saengsouvanna,2025-10-29,12:20:19,-07:00,2025-10-29T12:20:19-07:00,1,22
global.js,145,js,e30fbfda,Paige Saengsouvanna,2025-10-29,12:20:19,-07:00,2025-10-29T12:20:19-07:00,1,41
global.js,146,js,e30fbfda,Paige Saengsouvanna,2025-10-29,12:20:19,-07:00,2025-10-29T12:20:19-07:00,1,23
global.js,147,js,e30fbfda,Paige Saengsouvanna,2025-10-29,12:20:19,-07:00,2025-10-29T12:20:19-07:00,0,0
global.js,148,js,e30fbfda,Paige Saengsouvanna,2025-10-29,12:20:19,-07:00,2025-10-29T12:20:19-07:00,0,0
global.js,149,js,e30fbfda,Paige Saengsouvanna,2025-10-29,12:20:19,-07:00,2025-10-29T12:20:19-07:00,0,44
global.js,150,js,e30fbfda,Paige Saengsouvanna,2025-10-29,12:20:19,-07:00,2025-10-29T12:20:19-07:00,0,36
global.js,151,js,37ecfe46,Paige Saengsouvanna,2025-10-23,20:03:51,-07:00,2025-10-23T20:03:51-07:00,0,0
global.js,152,js,e30fbfda,Paige Saengsouvanna,2025-10-29,12:20:19,-07:00,2025-10-29T12:20:19-07:00,0,46
global.js,153,js,e30fbfda,Paige Saengsouvanna,2025-10-29,12:20:19,-07:00,2025-10-29T12:20:19-07:00,0,75
global.js,154,js,e30fbfda,Paige Saengsouvanna,2025-10-29,12:20:19,-07:00,2025-10-29T12:20:19-07:00,0,31
global.js,155,js,37ecfe46,Paige Saengsouvanna,2025-10-23,20:03:51,-07:00,2025-10-23T20:03:51-07:00,0,0
global.js,156,js,e30fbfda,Paige Saengsouvanna,2025-10-29,12:20:19,-07:00,2025-10-29T12:20:19-07:00,0,18
global.js,157,js,e30fbfda,Paige Saengsouvanna,2025-10-29,12:20:19,-07:00,2025-10-29T12:20:19-07:00,0,17
global.js,158,js,e30fbfda,Paige Saengsouvanna,2025-10-29,12:20:19,-07:00,2025-10-29T12:20:19-07:00,1,39
global.js,159,js,e30fbfda,Paige Saengsouvanna,2025-10-29,12:20:19,-07:00,2025-10-29T12:20:19-07:00,1,33
global.js,160,js,e30fbfda,Paige Saengsouvanna,2025-10-29,12:20:19,-07:00,2025-10-29T12:20:19-07:00,1,41
global.js,161,js,e30fbfda,Paige Saengsouvanna,2025-10-29,12:20:19,-07:00,2025-10-29T12:20:19-07:00,1,24
global.js,162,js,e30fbfda,Paige Saengsouvanna,2025-10-29,12:20:19,-07:00,2025-10-29T12:20:19-07:00,0,0
global.js,163,js,e30fbfda,Paige Saengsouvanna,2025-10-29,12:20:19,-07:00,2025-10-29T12:20:19-07:00,0,0
global.js,164,js,e30fbfda,Paige Saengsouvanna,2025-10-29,12:20:19,-07:00,2025-10-29T12:20:19-07:00,0,20
global.js,165,js,e30fbfda,Paige Saengsouvanna,2025-10-29,12:20:19,-07:00,2025-10-29T12:20:19-07:00,0,25
global.js,166,js,e30fbfda,Paige Saengsouvanna,2025-10-29,12:20:19,-07:00,2025-10-29T12:20:19-07:00,0,27
global.js,167,js,e30fbfda,Paige Saengsouvanna,2025-10-29,12:20:19,-07:00,2025-10-29T12:20:19-07:00,0,36
global.js,168,js,e30fbfda,Paige Saengsouvanna,2025-10-29,12:20:19,-07:00,2025-10-29T12:20:19-07:00,0,1
global.js,169,js,37ecfe46,Paige Saengsouvanna,2025-10-23,20:03:51,-07:00,2025-10-23T20:03:51-07:00,0,0
global.js,170,js,37ecfe46,Paige Saengsouvanna,2025-10-23,20:03:51,-07:00,2025-10-23T20:03:51-07:00,0,47
global.js,171,js,37ecfe46,Paige Saengsouvanna,2025-10-23,20:03:51,-07:00,2025-10-23T20:03:51-07:00,1,59
global.js,172,js,37ecfe46,Paige Saengsouvanna,2025-10-23,20:03:51,-07:00,2025-10-23T20:03:51-07:00,0,0
global.js,173,js,37ecfe46,Paige Saengsouvanna,2025-10-23,20:03:51,-07:00,2025-10-23T20:03:51-07:00,0,0
global.js,174,js,37ecfe46,Paige Saengsouvanna,2025-10-23,20:03:51,-07:00,2025-10-23T20:03:51-07:00,0,0
global.js,175,js,37ecfe46,Paige Saengsouvanna,2025-10-23,20:03:51,-07:00,2025-10-23T20:03:51-07:00,0,0
resume/index.html,1,html,6d8f1ad0,Paige Saengsouvanna,2025-10-09,18:09:20,-07:00,2025-10-09T18:09:20-07:00,0,13
resume/index.html,2,html,6d8f1ad0,Paige Saengsouvanna,2025-10-09,18:09:20,-07:00,2025-10-09T18:09:20-07:00,0,14
resume/index.html,3,html,6d8f1ad0,Paige Saengsouvanna,2025-10-09,18:09:20,-07:00,2025-10-09T18:09:20-07:00,0,4
resume/index.html,4,html,6d8f1ad0,Paige Saengsouvanna,2025-10-09,18:09:20,-07:00,2025-10-09T18:09:20-07:00,1,20
resume/index.html,5,html,6d8f1ad0,Paige Saengsouvanna,2025-10-09,18:09:20,-07:00,2025-10-09T18:09:20-07:00,1,19
resume/index.html,6,html,6d8f1ad0,Paige Saengsouvanna,2025-10-09,18:09:20,-07:00,2025-10-09T18:09:20-07:00,1,41
resume/index.html,7,html,6d8f1ad0,Paige Saengsouvanna,2025-10-09,18:09:20,-07:00,2025-10-09T18:09:20-07:00,0,5
resume/index.html,8,html,6d8f1ad0,Paige Saengsouvanna,2025-10-09,18:09:20,-07:00,2025-10-09T18:09:20-07:00,0,4
resume/index.html,9,html,6d8f1ad0,Paige Saengsouvanna,2025-10-09,18:09:20,-07:00,2025-10-09T18:09:20-07:00,0,0
resume/index.html,10,html,6d8f1ad0,Paige Saengsouvanna,2025-10-09,18:09:20,-07:00,2025-10-09T18:09:20-07:00,0,15
resume/index.html,11,html,6d8f1ad0,Paige Saengsouvanna,2025-10-09,18:09:20,-07:00,2025-10-09T18:09:20-07:00,0,22
resume/index.html,12,html,6d8f1ad0,Paige Saengsouvanna,2025-10-09,18:09:20,-07:00,2025-10-09T18:09:20-07:00,2,16
resume/index.html,13,html,6d8f1ad0,Paige Saengsouvanna,2025-10-09,18:09:20,-07:00,2025-10-09T18:09:20-07:00,2,173
resume/index.html,14,html,6d8f1ad0,Paige Saengsouvanna,2025-10-09,18:09:20,-07:00,2025-10-09T18:09:20-07:00,4,539
resume/index.html,15,html,6d8f1ad0,Paige Saengsouvanna,2025-10-09,18:09:20,-07:00,2025-10-09T18:09:20-07:00,4,2
resume/index.html,16,html,6d8f1ad0,Paige Saengsouvanna,2025-10-09,18:09:20,-07:00,2025-10-09T18:09:20-07:00,0,8
resume/index.html,17,html,6d8f1ad0,Paige Saengsouvanna,2025-10-09,18:09:20,-07:00,2025-10-09T18:09:20-07:00,0,0
resume/index.html,18,html,6d8f1ad0,Paige Saengsouvanna,2025-10-09,18:09:20,-07:00,2025-10-09T18:09:20-07:00,0,28
resume/index.html,19,html,6d8f1ad0,Paige Saengsouvanna,2025-10-09,18:09:20,-07:00,2025-10-09T18:09:20-07:00,1,22
resume/index.html,20,html,6d8f1ad0,Paige Saengsouvanna,2025-10-09,18:09:20,-07:00,2025-10-09T18:09:20-07:00,0,0
resume/index.html,21,html,6d8f1ad0,Paige Saengsouvanna,2025-10-09,18:09:20,-07:00,2025-10-09T18:09:20-07:00,1,21
resume/index.html,22,html,6d8f1ad0,Paige Saengsouvanna,2025-10-09,18:09:20,-07:00,2025-10-09T18:09:20-07:00,2,50
resume/index.html,23,html,6d8f1ad0,Paige Saengsouvanna,2025-10-09,18:09:20,-07:00,2025-10-09T18:09:20-07:00,2,38
resume/index.html,24,html,6d8f1ad0,Paige Saengsouvanna,2025-10-09,18:09:20,-07:00,2025-10-09T18:09:20-07:00,2,21
resume/index.html,25,html,6d8f1ad0,Paige Saengsouvanna,2025-10-09,18:09:20,-07:00,2025-10-09T18:09:20-07:00,3,158
resume/index.html,26,html,6d8f1ad0,Paige Saengsouvanna,2025-10-09,18:09:20,-07:00,2025-10-09T18:09:20-07:00,3,114
resume/index.html,27,html,6d8f1ad0,Paige Saengsouvanna,2025-10-09,18:09:20,-07:00,2025-10-09T18:09:20-07:00,3,108
resume/index.html,28,html,6d8f1ad0,Paige Saengsouvanna,2025-10-09,18:09:20,-07:00,2025-10-09T18:09:20-07:00,2,3
resume/index.html,29,html,6d8f1ad0,Paige Saengsouvanna,2025-10-09,18:09:20,-07:00,2025-10-09T18:09:20-07:00,1,4
resume/index.html,30,html,6d8f1ad0,Paige Saengsouvanna,2025-10-09,18:09:20,-07:00,2025-10-09T18:09:20-07:00,0,8
resume/index.html,31,html,6d8f1ad0,Paige Saengsouvanna,2025-10-09,18:09:20,-07:00,2025-10-09T18:09:20-07:00,0,0
resume/index.html,32,html,6d8f1ad0,Paige Saengsouvanna,2025-10-09,18:09:20,-07:00,2025-10-09T18:09:20-07:00,0,22
resume/index.html,33,html,6d8f1ad0,Paige Saengsouvanna,2025-10-09,18:09:20,-07:00,2025-10-09T18:09:20-07:00,1,16
resume/index.html,34,html,6d8f1ad0,Paige Saengsouvanna,2025-10-09,18:09:20,-07:00,2025-10-09T18:09:20-07:00,0,0
resume/index.html,35,html,6d8f1ad0,Paige Saengsouvanna,2025-10-09,18:09:20,-07:00,2025-10-09T18:09:20-07:00,1,26
resume/index.html,36,html,6d8f1ad0,Paige Saengsouvanna,2025-10-09,18:09:20,-07:00,2025-10-09T18:09:20-07:00,2,42
resume/index.html,37,html,6d8f1ad0,Paige Saengsouvanna,2025-10-09,18:09:20,-07:00,2025-10-09T18:09:20-07:00,2,38
resume/index.html,38,html,6d8f1ad0,Paige Saengsouvanna,2025-10-09,18:09:20,-07:00,2025-10-09T18:09:20-07:00,2,41
resume/index.html,39,html,6d8f1ad0,Paige Saengsouvanna,2025-10-09,18:09:20,-07:00,2025-10-09T18:09:20-07:00,1,4
resume/index.html,40,html,6d8f1ad0,Paige Saengsouvanna,2025-10-09,18:09:20,-07:00,2025-10-09T18:09:20-07:00,0,0
resume/index.html,41,html,6d8f1ad0,Paige Saengsouvanna,2025-10-09,18:09:20,-07:00,2025-10-09T18:09:20-07:00,1,26
resume/index.html,42,html,6d8f1ad0,Paige Saengsouvanna,2025-10-09,18:09:20,-07:00,2025-10-09T18:09:20-07:00,2,46
resume/index.html,43,html,6d8f1ad0,Paige Saengsouvanna,2025-10-09,18:09:20,-07:00,2025-10-09T18:09:20-07:00,2,53
resume/index.html,44,html,6d8f1ad0,Paige Saengsouvanna,2025-10-09,18:09:20,-07:00,2025-10-09T18:09:20-07:00,2,39
resume/index.html,45,html,6d8f1ad0,Paige Saengsouvanna,2025-10-09,18:09:20,-07:00,2025-10-09T18:09:20-07:00,1,4
resume/index.html,46,html,6d8f1ad0,Paige Saengsouvanna,2025-10-09,18:09:20,-07:00,2025-10-09T18:09:20-07:00,0,8
resume/index.html,47,html,6d8f1ad0,Paige Saengsouvanna,2025-10-09,18:09:20,-07:00,2025-10-09T18:09:20-07:00,0,0
resume/index.html,48,html,6d8f1ad0,Paige Saengsouvanna,2025-10-09,18:09:20,-07:00,2025-10-09T18:09:20-07:00,0,7
resume/index.html,49,html,6d8f1ad0,Paige Saengsouvanna,2025-10-09,18:09:20,-07:00,2025-10-09T18:09:20-07:00,2,6
resume/index.html,50,html,6d8f1ad0,Paige Saengsouvanna,2025-10-09,18:09:20,-07:00,2025-10-09T18:09:20-07:00,4,13
resume/index.html,51,html,6d8f1ad0,Paige Saengsouvanna,2025-10-09,18:09:20,-07:00,2025-10-09T18:09:20-07:00,2,7
resume/index.html,52,html,6d8f1ad0,Paige Saengsouvanna,2025-10-09,18:09:20,-07:00,2025-10-09T18:09:20-07:00,2,2
resume/index.html,53,html,6d8f1ad0,Paige Saengsouvanna,2025-10-09,18:09:20,-07:00,2025-10-09T18:09:20-07:00,4,79
resume/index.html,54,html,6d8f1ad0,Paige Saengsouvanna,2025-10-09,18:09:20,-07:00,2025-10-09T18:09:20-07:00,4,169
resume/index.html,55,html,6d8f1ad0,Paige Saengsouvanna,2025-10-09,18:09:20,-07:00,2025-10-09T18:09:20-07:00,2,3
resume/index.html,56,html,e1de8420,Paige Saengsouvanna,2025-10-17,22:30:25,-07:00,2025-10-17T22:30:25-07:00,1,34
resume/index.html,57,html,6d8f1ad0,Paige Saengsouvanna,2025-10-09,18:09:20,-07:00,2025-10-09T18:09:20-07:00,0,5
resume/index.html,58,html,6d8f1ad0,Paige Saengsouvanna,2025-10-09,18:09:20,-07:00,2025-10-09T18:09:20-07:00,0,5
projects/projects.js,1,js,37ecfe46,Paige Saengsouvanna,2025-10-23,20:03:51,-07:00,2025-10-23T20:03:51-07:00,0,21
projects/projects.js,2,js,37ecfe46,Paige Saengsouvanna,2025-10-23,20:03:51,-07:00,2025-10-23T20:03:51-07:00,0,55
projects/projects.js,3,js,37ecfe46,Paige Saengsouvanna,2025-10-23,20:03:51,-07:00,2025-10-23T20:03:51-07:00,0,0
projects/projects.js,4,js,37ecfe46,Paige Saengsouvanna,2025-10-23,20:03:51,-07:00,2025-10-23T20:03:51-07:00,0,35
projects/projects.js,5,js,37ecfe46,Paige Saengsouvanna,2025-10-23,20:03:51,-07:00,2025-10-23T20:03:51-07:00,1,3
projects/projects.js,6,js,37ecfe46,Paige Saengsouvanna,2025-10-23,20:03:51,-07:00,2025-10-23T20:03:51-07:00,2,19
projects/projects.js,7,js,37ecfe46,Paige Saengsouvanna,2025-10-23,20:03:51,-07:00,2025-10-23T20:03:51-07:00,2,55
projects/projects.js,8,js,37ecfe46,Paige Saengsouvanna,2025-10-23,20:03:51,-07:00,2025-10-23T20:03:51-07:00,0,0
projects/projects.js,9,js,37ecfe46,Paige Saengsouvanna,2025-10-23,20:03:51,-07:00,2025-10-23T20:03:51-07:00,2,60
projects/projects.js,10,js,37ecfe46,Paige Saengsouvanna,2025-10-23,20:03:51,-07:00,2025-10-23T20:03:51-07:00,0,0
projects/projects.js,11,js,37ecfe46,Paige Saengsouvanna,2025-10-23,20:03:51,-07:00,2025-10-23T20:03:51-07:00,2,29
projects/projects.js,12,js,37ecfe46,Paige Saengsouvanna,2025-10-23,20:03:51,-07:00,2025-10-23T20:03:51-07:00,2,48
projects/projects.js,13,js,37ecfe46,Paige Saengsouvanna,2025-10-23,20:03:51,-07:00,2025-10-23T20:03:51-07:00,0,0
projects/projects.js,14,js,37ecfe46,Paige Saengsouvanna,2025-10-23,20:03:51,-07:00,2025-10-23T20:03:51-07:00,2,37
projects/projects.js,15,js,37ecfe46,Paige Saengsouvanna,2025-10-23,20:03:51,-07:00,2025-10-23T20:03:51-07:00,2,62
projects/projects.js,16,js,37ecfe46,Paige Saengsouvanna,2025-10-23,20:03:51,-07:00,2025-10-23T20:03:51-07:00,2,18
projects/projects.js,17,js,37ecfe46,Paige Saengsouvanna,2025-10-23,20:03:51,-07:00,2025-10-23T20:03:51-07:00,3,58
projects/projects.js,18,js,37ecfe46,Paige Saengsouvanna,2025-10-23,20:03:51,-07:00,2025-10-23T20:03:51-07:00,2,0
projects/projects.js,19,js,37ecfe46,Paige Saengsouvanna,2025-10-23,20:03:51,-07:00,2025-10-23T20:03:51-07:00,0,0
projects/projects.js,20,js,37ecfe46,Paige Saengsouvanna,2025-10-23,20:03:51,-07:00,2025-10-23T20:03:51-07:00,2,27
projects/projects.js,21,js,37ecfe46,Paige Saengsouvanna,2025-10-23,20:03:51,-07:00,2025-10-23T20:03:51-07:00,2,25
projects/projects.js,22,js,37ecfe46,Paige Saengsouvanna,2025-10-23,20:03:51,-07:00,2025-10-23T20:03:51-07:00,0,0
projects/projects.js,23,js,37ecfe46,Paige Saengsouvanna,2025-10-23,20:03:51,-07:00,2025-10-23T20:03:51-07:00,1,15
projects/projects.js,24,js,37ecfe46,Paige Saengsouvanna,2025-10-23,20:03:51,-07:00,2025-10-23T20:03:51-07:00,2,46
projects/projects.js,25,js,37ecfe46,Paige Saengsouvanna,2025-10-23,20:03:51,-07:00,2025-10-23T20:03:51-07:00,1,0
projects/projects.js,26,js,37ecfe46,Paige Saengsouvanna,2025-10-23,20:03:51,-07:00,2025-10-23T20:03:51-07:00,0,0
projects/projects.js,27,js,37ecfe46,Paige Saengsouvanna,2025-10-23,20:03:51,-07:00,2025-10-23T20:03:51-07:00,0,0
projects/projects.js,28,js,37ecfe46,Paige Saengsouvanna,2025-10-23,20:03:51,-07:00,2025-10-23T20:03:51-07:00,0,17
projects/projects.js,29,js,37ecfe46,Paige Saengsouvanna,2025-10-23,20:03:51,-07:00,2025-10-23T20:03:51-07:00,0,19
projects/projects.js,30,js,37ecfe46,Paige Saengsouvanna,2025-10-23,20:03:51,-07:00,2025-10-23T20:03:51-07:00,0,0
projects/index.html,1,html,4fc7eea0,Paige Saengsouvanna,2025-10-02,18:09:16,-07:00,2025-10-02T18:09:16-07:00,0,13
projects/index.html,2,html,4fc7eea0,Paige Saengsouvanna,2025-10-02,18:09:16,-07:00,2025-10-02T18:09:16-07:00,0,14
projects/index.html,3,html,4fc7eea0,Paige Saengsouvanna,2025-10-02,18:09:16,-07:00,2025-10-02T18:09:16-07:00,0,4
projects/index.html,4,html,4fc7eea0,Paige Saengsouvanna,2025-10-02,18:09:16,-07:00,2025-10-02T18:09:16-07:00,1,20
projects/index.html,5,html,4fc7eea0,Paige Saengsouvanna,2025-10-02,18:09:16,-07:00,2025-10-02T18:09:16-07:00,1,21
projects/index.html,6,html,7484b17a,Paige Saengsouvanna,2025-10-17,22:21:06,-07:00,2025-10-17T22:21:06-07:00,1,41
projects/index.html,7,html,4fc7eea0,Paige Saengsouvanna,2025-10-02,18:09:16,-07:00,2025-10-02T18:09:16-07:00,0,5
projects/index.html,8,html,4fc7eea0,Paige Saengsouvanna,2025-10-02,18:09:16,-07:00,2025-10-02T18:09:16-07:00,0,4
projects/index.html,9,html,e30fbfda,Paige Saengsouvanna,2025-10-29,12:20:19,-07:00,2025-10-29T12:20:19-07:00,1,23
projects/index.html,10,html,e30fbfda,Paige Saengsouvanna,2025-10-29,12:20:19,-07:00,2025-10-29T12:20:19-07:00,2,55
projects/index.html,11,html,e30fbfda,Paige Saengsouvanna,2025-10-29,12:20:19,-07:00,2025-10-29T12:20:19-07:00,2,24
projects/index.html,12,html,b7a39c6a,Paige Saengsouvanna,2025-10-30,14:24:21,-07:00,2025-10-30T14:24:21-07:00,1,4
projects/index.html,13,html,b7a39c6a,Paige Saengsouvanna,2025-10-30,14:24:21,-07:00,2025-10-30T14:24:21-07:00,1,4
projects/index.html,14,html,b7a39c6a,Paige Saengsouvanna,2025-10-30,14:24:21,-07:00,2025-10-30T14:24:21-07:00,2,15
projects/index.html,15,html,b7a39c6a,Paige Saengsouvanna,2025-10-30,14:24:21,-07:00,2025-10-30T14:24:21-07:00,2,13
projects/index.html,16,html,b7a39c6a,Paige Saengsouvanna,2025-10-30,14:24:21,-07:00,2025-10-30T14:24:21-07:00,2,27
projects/index.html,17,html,b7a39c6a,Paige Saengsouvanna,2025-10-30,14:24:21,-07:00,2025-10-30T14:24:21-07:00,2,32
projects/index.html,18,html,b7a39c6a,Paige Saengsouvanna,2025-10-30,14:24:21,-07:00,2025-10-30T14:24:21-07:00,2,0
projects/index.html,19,html,b7a39c6a,Paige Saengsouvanna,2025-10-30,14:24:21,-07:00,2025-10-30T14:24:21-07:00,0,4
projects/index.html,20,html,b7a39c6a,Paige Saengsouvanna,2025-10-30,14:24:21,-07:00,2025-10-30T14:24:21-07:00,2,54
projects/index.html,21,html,b7a39c6a,Paige Saengsouvanna,2025-10-30,14:24:21,-07:00,2025-10-30T14:24:21-07:00,2,23
projects/index.html,22,html,b7a39c6a,Paige Saengsouvanna,2025-10-30,14:24:21,-07:00,2025-10-30T14:24:21-07:00,2,20
projects/index.html,23,html,b7a39c6a,Paige Saengsouvanna,2025-10-30,14:24:21,-07:00,2025-10-30T14:24:21-07:00,3,0
projects/index.html,24,html,b7a39c6a,Paige Saengsouvanna,2025-10-30,14:24:21,-07:00,2025-10-30T14:24:21-07:00,2,4
projects/index.html,25,html,b7a39c6a,Paige Saengsouvanna,2025-10-30,14:24:21,-07:00,2025-10-30T14:24:21-07:00,2,0
projects/index.html,26,html,b7a39c6a,Paige Saengsouvanna,2025-10-30,14:24:21,-07:00,2025-10-30T14:24:21-07:00,0,5
projects/index.html,27,html,e30fbfda,Paige Saengsouvanna,2025-10-29,12:20:19,-07:00,2025-10-29T12:20:19-07:00,0,20
projects/index.html,28,html,b7a39c6a,Paige Saengsouvanna,2025-10-30,14:24:21,-07:00,2025-10-30T14:24:21-07:00,1,19
projects/index.html,29,html,b7a39c6a,Paige Saengsouvanna,2025-10-30,14:24:21,-07:00,2025-10-30T14:24:21-07:00,1,63
projects/index.html,30,html,e30fbfda,Paige Saengsouvanna,2025-10-29,12:20:19,-07:00,2025-10-29T12:20:19-07:00,0,0
projects/index.html,31,html,b7a39c6a,Paige Saengsouvanna,2025-10-30,14:24:21,-07:00,2025-10-30T14:24:21-07:00,1,53
projects/index.html,32,html,b7a39c6a,Paige Saengsouvanna,2025-10-30,14:24:21,-07:00,2025-10-30T14:24:21-07:00,1,60
projects/index.html,33,html,b7a39c6a,Paige Saengsouvanna,2025-10-30,14:24:21,-07:00,2025-10-30T14:24:21-07:00,1,55
projects/index.html,34,html,b7a39c6a,Paige Saengsouvanna,2025-10-30,14:24:21,-07:00,2025-10-30T14:24:21-07:00,1,21
projects/index.html,35,html,b7a39c6a,Paige Saengsouvanna,2025-10-30,14:24:21,-07:00,2025-10-30T14:24:21-07:00,1,0
projects/index.html,36,html,b7a39c6a,Paige Saengsouvanna,2025-10-30,14:24:21,-07:00,2025-10-30T14:24:21-07:00,1,38
projects/index.html,37,html,b7a39c6a,Paige Saengsouvanna,2025-10-30,14:24:21,-07:00,2025-10-30T14:24:21-07:00,2,14
projects/index.html,38,html,b7a39c6a,Paige Saengsouvanna,2025-10-30,14:24:21,-07:00,2025-10-30T14:24:21-07:00,2,28
projects/index.html,39,html,b7a39c6a,Paige Saengsouvanna,2025-10-30,14:24:21,-07:00,2025-10-30T14:24:21-07:00,3,12
projects/index.html,40,html,b7a39c6a,Paige Saengsouvanna,2025-10-30,14:24:21,-07:00,2025-10-30T14:24:21-07:00,3,14
projects/index.html,41,html,b7a39c6a,Paige Saengsouvanna,2025-10-30,14:24:21,-07:00,2025-10-30T14:24:21-07:00,3,11
projects/index.html,42,html,b7a39c6a,Paige Saengsouvanna,2025-10-30,14:24:21,-07:00,2025-10-30T14:24:21-07:00,2,0
projects/index.html,43,html,b7a39c6a,Paige Saengsouvanna,2025-10-30,14:24:21,-07:00,2025-10-30T14:24:21-07:00,2,50
projects/index.html,44,html,b7a39c6a,Paige Saengsouvanna,2025-10-30,14:24:21,-07:00,2025-10-30T14:24:21-07:00,3,10
projects/index.html,45,html,b7a39c6a,Paige Saengsouvanna,2025-10-30,14:24:21,-07:00,2025-10-30T14:24:21-07:00,3,11
projects/index.html,46,html,b7a39c6a,Paige Saengsouvanna,2025-10-30,14:24:21,-07:00,2025-10-30T14:24:21-07:00,2,2
projects/index.html,47,html,e30fbfda,Paige Saengsouvanna,2025-10-29,12:20:19,-07:00,2025-10-29T12:20:19-07:00,0,0
projects/index.html,48,html,b7a39c6a,Paige Saengsouvanna,2025-10-30,14:24:21,-07:00,2025-10-30T14:24:21-07:00,2,38
projects/index.html,49,html,b7a39c6a,Paige Saengsouvanna,2025-10-30,14:24:21,-07:00,2025-10-30T14:24:21-07:00,2,26
projects/index.html,50,html,e30fbfda,Paige Saengsouvanna,2025-10-29,12:20:19,-07:00,2025-10-29T12:20:19-07:00,0,0
projects/index.html,51,html,b7a39c6a,Paige Saengsouvanna,2025-10-30,14:24:21,-07:00,2025-10-30T14:24:21-07:00,2,34
projects/index.html,52,html,b7a39c6a,Paige Saengsouvanna,2025-10-30,14:24:21,-07:00,2025-10-30T14:24:21-07:00,2,29
projects/index.html,53,html,e30fbfda,Paige Saengsouvanna,2025-10-29,12:20:19,-07:00,2025-10-29T12:20:19-07:00,0,0
projects/index.html,54,html,b7a39c6a,Paige Saengsouvanna,2025-10-30,14:24:21,-07:00,2025-10-30T14:24:21-07:00,2,21
projects/index.html,55,html,b7a39c6a,Paige Saengsouvanna,2025-10-30,14:24:21,-07:00,2025-10-30T14:24:21-07:00,2,59
projects/index.html,56,html,e30fbfda,Paige Saengsouvanna,2025-10-29,12:20:19,-07:00,2025-10-29T12:20:19-07:00,2,52
projects/index.html,57,html,b7a39c6a,Paige Saengsouvanna,2025-10-30,14:24:21,-07:00,2025-10-30T14:24:21-07:00,2,38
projects/index.html,58,html,b7a39c6a,Paige Saengsouvanna,2025-10-30,14:24:21,-07:00,2025-10-30T14:24:21-07:00,2,49
projects/index.html,59,html,e30fbfda,Paige Saengsouvanna,2025-10-29,12:20:19,-07:00,2025-10-29T12:20:19-07:00,0,0
projects/index.html,60,html,b7a39c6a,Paige Saengsouvanna,2025-10-30,14:24:21,-07:00,2025-10-30T14:24:21-07:00,2,16
projects/index.html,61,html,e30fbfda,Paige Saengsouvanna,2025-10-29,12:20:19,-07:00,2025-10-29T12:20:19-07:00,2,19
projects/index.html,62,html,b7a39c6a,Paige Saengsouvanna,2025-10-30,14:24:21,-07:00,2025-10-30T14:24:21-07:00,3,12
projects/index.html,63,html,b7a39c6a,Paige Saengsouvanna,2025-10-30,14:24:21,-07:00,2025-10-30T14:24:21-07:00,3,11
projects/index.html,64,html,b7a39c6a,Paige Saengsouvanna,2025-10-30,14:24:21,-07:00,2025-10-30T14:24:21-07:00,3,22
projects/index.html,65,html,b7a39c6a,Paige Saengsouvanna,2025-10-30,14:24:21,-07:00,2025-10-30T14:24:21-07:00,3,32
projects/index.html,66,html,b7a39c6a,Paige Saengsouvanna,2025-10-30,14:24:21,-07:00,2025-10-30T14:24:21-07:00,3,63
projects/index.html,67,html,b7a39c6a,Paige Saengsouvanna,2025-10-30,14:24:21,-07:00,2025-10-30T14:24:21-07:00,3,32
projects/index.html,68,html,b7a39c6a,Paige Saengsouvanna,2025-10-30,14:24:21,-07:00,2025-10-30T14:24:21-07:00,4,55
projects/index.html,69,html,b7a39c6a,Paige Saengsouvanna,2025-10-30,14:24:21,-07:00,2025-10-30T14:24:21-07:00,4,62
projects/index.html,70,html,b7a39c6a,Paige Saengsouvanna,2025-10-30,14:24:21,-07:00,2025-10-30T14:24:21-07:00,4,19
projects/index.html,71,html,b7a39c6a,Paige Saengsouvanna,2025-10-30,14:24:21,-07:00,2025-10-30T14:24:21-07:00,6,64
projects/index.html,72,html,e30fbfda,Paige Saengsouvanna,2025-10-29,12:20:19,-07:00,2025-10-29T12:20:19-07:00,0,0
projects/index.html,73,html,b7a39c6a,Paige Saengsouvanna,2025-10-30,14:24:21,-07:00,2025-10-30T14:24:21-07:00,4,20
projects/index.html,74,html,b7a39c6a,Paige Saengsouvanna,2025-10-30,14:24:21,-07:00,2025-10-30T14:24:21-07:00,6,64
projects/index.html,75,html,e30fbfda,Paige Saengsouvanna,2025-10-29,12:20:19,-07:00,2025-10-29T12:20:19-07:00,0,0
projects/index.html,76,html,b7a39c6a,Paige Saengsouvanna,2025-10-30,14:24:21,-07:00,2025-10-30T14:24:21-07:00,4,35
projects/index.html,77,html,b7a39c6a,Paige Saengsouvanna,2025-10-30,14:24:21,-07:00,2025-10-30T14:24:21-07:00,5,50
projects/index.html,78,html,b7a39c6a,Paige Saengsouvanna,2025-10-30,14:24:21,-07:00,2025-10-30T14:24:21-07:00,5,14
projects/index.html,79,html,fbd6e7a2,Paige Saengsouvanna,2025-10-13,17:46:28,-07:00,2025-10-13T17:46:28-07:00,0,0
projects/index.html,80,html,b7a39c6a,Paige Saengsouvanna,2025-10-30,14:24:21,-07:00,2025-10-30T14:24:21-07:00,4,56
projects/index.html,81,html,b7a39c6a,Paige Saengsouvanna,2025-10-30,14:24:21,-07:00,2025-10-30T14:24:21-07:00,3,1
projects/index.html,82,html,b7a39c6a,Paige Saengsouvanna,2025-10-30,14:24:21,-07:00,2025-10-30T14:24:21-07:00,0,0
projects/index.html,83,html,b7a39c6a,Paige Saengsouvanna,2025-10-30,14:24:21,-07:00,2025-10-30T14:24:21-07:00,0,0
projects/index.html,84,html,b7a39c6a,Paige Saengsouvanna,2025-10-30,14:24:21,-07:00,2025-10-30T14:24:21-07:00,2,4
projects/index.html,85,html,b7a39c6a,Paige Saengsouvanna,2025-10-30,14:24:21,-07:00,2025-10-30T14:24:21-07:00,3,14
projects/index.html,86,html,b7a39c6a,Paige Saengsouvanna,2025-10-30,14:24:21,-07:00,2025-10-30T14:24:21-07:00,3,12
projects/index.html,87,html,b7a39c6a,Paige Saengsouvanna,2025-10-30,14:24:21,-07:00,2025-10-30T14:24:21-07:00,3,9
projects/index.html,88,html,b7a39c6a,Paige Saengsouvanna,2025-10-30,14:24:21,-07:00,2025-10-30T14:24:21-07:00,3,46
projects/index.html,89,html,b7a39c6a,Paige Saengsouvanna,2025-10-30,14:24:21,-07:00,2025-10-30T14:24:21-07:00,3,63
projects/index.html,90,html,b7a39c6a,Paige Saengsouvanna,2025-10-30,14:24:21,-07:00,2025-10-30T14:24:21-07:00,3,25
projects/index.html,91,html,b7a39c6a,Paige Saengsouvanna,2025-10-30,14:24:21,-07:00,2025-10-30T14:24:21-07:00,3,4
projects/index.html,92,html,b7a39c6a,Paige Saengsouvanna,2025-10-30,14:24:21,-07:00,2025-10-30T14:24:21-07:00,4,68
projects/index.html,93,html,b7a39c6a,Paige Saengsouvanna,2025-10-30,14:24:21,-07:00,2025-10-30T14:24:21-07:00,3,0
projects/index.html,94,html,b7a39c6a,Paige Saengsouvanna,2025-10-30,14:24:21,-07:00,2025-10-30T14:24:21-07:00,3,32
projects/index.html,95,html,b7a39c6a,Paige Saengsouvanna,2025-10-30,14:24:21,-07:00,2025-10-30T14:24:21-07:00,4,55
projects/index.html,96,html,b7a39c6a,Paige Saengsouvanna,2025-10-30,14:24:21,-07:00,2025-10-30T14:24:21-07:00,4,62
projects/index.html,97,html,b7a39c6a,Paige Saengsouvanna,2025-10-30,14:24:21,-07:00,2025-10-30T14:24:21-07:00,4,19
projects/index.html,98,html,b7a39c6a,Paige Saengsouvanna,2025-10-30,14:24:21,-07:00,2025-10-30T14:24:21-07:00,6,64
projects/index.html,99,html,b7a39c6a,Paige Saengsouvanna,2025-10-30,14:24:21,-07:00,2025-10-30T14:24:21-07:00,0,0
projects/index.html,100,html,b7a39c6a,Paige Saengsouvanna,2025-10-30,14:24:21,-07:00,2025-10-30T14:24:21-07:00,4,20
projects/index.html,101,html,b7a39c6a,Paige Saengsouvanna,2025-10-30,14:24:21,-07:00,2025-10-30T14:24:21-07:00,6,64
projects/index.html,102,html,b7a39c6a,Paige Saengsouvanna,2025-10-30,14:24:21,-07:00,2025-10-30T14:24:21-07:00,0,0
projects/index.html,103,html,b7a39c6a,Paige Saengsouvanna,2025-10-30,14:24:21,-07:00,2025-10-30T14:24:21-07:00,4,35
projects/index.html,104,html,b7a39c6a,Paige Saengsouvanna,2025-10-30,14:24:21,-07:00,2025-10-30T14:24:21-07:00,5,50
projects/index.html,105,html,b7a39c6a,Paige Saengsouvanna,2025-10-30,14:24:21,-07:00,2025-10-30T14:24:21-07:00,5,14
projects/index.html,106,html,b7a39c6a,Paige Saengsouvanna,2025-10-30,14:24:21,-07:00,2025-10-30T14:24:21-07:00,0,0
projects/index.html,107,html,b7a39c6a,Paige Saengsouvanna,2025-10-30,14:24:21,-07:00,2025-10-30T14:24:21-07:00,4,56
projects/index.html,108,html,b7a39c6a,Paige Saengsouvanna,2025-10-30,14:24:21,-07:00,2025-10-30T14:24:21-07:00,3,1
projects/index.html,109,html,b7a39c6a,Paige Saengsouvanna,2025-10-30,14:24:21,-07:00,2025-10-30T14:24:21-07:00,0,0
projects/index.html,110,html,b7a39c6a,Paige Saengsouvanna,2025-10-30,14:24:21,-07:00,2025-10-30T14:24:21-07:00,0,0
projects/index.html,111,html,b7a39c6a,Paige Saengsouvanna,2025-10-30,14:24:21,-07:00,2025-10-30T14:24:21-07:00,1,0
projects/index.html,112,html,b7a39c6a,Paige Saengsouvanna,2025-10-30,14:24:21,-07:00,2025-10-30T14:24:21-07:00,0,0
projects/index.html,113,html,b7a39c6a,Paige Saengsouvanna,2025-10-30,14:24:21,-07:00,2025-10-30T14:24:21-07:00,1,31
projects/index.html,114,html,b7a39c6a,Paige Saengsouvanna,2025-10-30,14:24:21,-07:00,2025-10-30T14:24:21-07:00,1,16
projects/index.html,115,html,b7a39c6a,Paige Saengsouvanna,2025-10-30,14:24:21,-07:00,2025-10-30T14:24:21-07:00,1,31
projects/index.html,116,html,b7a39c6a,Paige Saengsouvanna,2025-10-30,14:24:21,-07:00,2025-10-30T14:24:21-07:00,1,71
projects/index.html,117,html,b7a39c6a,Paige Saengsouvanna,2025-10-30,14:24:21,-07:00,2025-10-30T14:24:21-07:00,2,23
projects/index.html,118,html,b7a39c6a,Paige Saengsouvanna,2025-10-30,14:24:21,-07:00,2025-10-30T14:24:21-07:00,2,31
projects/index.html,119,html,b7a39c6a,Paige Saengsouvanna,2025-10-30,14:24:21,-07:00,2025-10-30T14:24:21-07:00,3,48
projects/index.html,120,html,b7a39c6a,Paige Saengsouvanna,2025-10-30,14:24:21,-07:00,2025-10-30T14:24:21-07:00,3,19
projects/index.html,121,html,b7a39c6a,Paige Saengsouvanna,2025-10-30,14:24:21,-07:00,2025-10-30T14:24:21-07:00,4,39
projects/index.html,122,html,b7a39c6a,Paige Saengsouvanna,2025-10-30,14:24:21,-07:00,2025-10-30T14:24:21-07:00,4,72
projects/index.html,123,html,b7a39c6a,Paige Saengsouvanna,2025-10-30,14:24:21,-07:00,2025-10-30T14:24:21-07:00,4,27
projects/index.html,124,html,b7a39c6a,Paige Saengsouvanna,2025-10-30,14:24:21,-07:00,2025-10-30T14:24:21-07:00,4,22
projects/index.html,125,html,b7a39c6a,Paige Saengsouvanna,2025-10-30,14:24:21,-07:00,2025-10-30T14:24:21-07:00,3,0
projects/index.html,126,html,b7a39c6a,Paige Saengsouvanna,2025-10-30,14:24:21,-07:00,2025-10-30T14:24:21-07:00,3,29
projects/index.html,127,html,b7a39c6a,Paige Saengsouvanna,2025-10-30,14:24:21,-07:00,2025-10-30T14:24:21-07:00,2,1
projects/index.html,128,html,b7a39c6a,Paige Saengsouvanna,2025-10-30,14:24:21,-07:00,2025-10-30T14:24:21-07:00,1,0
projects/index.html,129,html,b7a39c6a,Paige Saengsouvanna,2025-10-30,14:24:21,-07:00,2025-10-30T14:24:21-07:00,0,0
projects/index.html,130,html,b7a39c6a,Paige Saengsouvanna,2025-10-30,14:24:21,-07:00,2025-10-30T14:24:21-07:00,1,31
projects/index.html,131,html,b7a39c6a,Paige Saengsouvanna,2025-10-30,14:24:21,-07:00,2025-10-30T14:24:21-07:00,1,15
projects/index.html,132,html,b7a39c6a,Paige Saengsouvanna,2025-10-30,14:24:21,-07:00,2025-10-30T14:24:21-07:00,1,31
projects/index.html,133,html,b7a39c6a,Paige Saengsouvanna,2025-10-30,14:24:21,-07:00,2025-10-30T14:24:21-07:00,1,40
projects/index.html,134,html,b7a39c6a,Paige Saengsouvanna,2025-10-30,14:24:21,-07:00,2025-10-30T14:24:21-07:00,2,56
projects/index.html,135,html,b7a39c6a,Paige Saengsouvanna,2025-10-30,14:24:21,-07:00,2025-10-30T14:24:21-07:00,2,31
projects/index.html,136,html,b7a39c6a,Paige Saengsouvanna,2025-10-30,14:24:21,-07:00,2025-10-30T14:24:21-07:00,1,0
projects/index.html,137,html,b7a39c6a,Paige Saengsouvanna,2025-10-30,14:24:21,-07:00,2025-10-30T14:24:21-07:00,0,0
projects/index.html,138,html,b7a39c6a,Paige Saengsouvanna,2025-10-30,14:24:21,-07:00,2025-10-30T14:24:21-07:00,1,30
projects/index.html,139,html,b7a39c6a,Paige Saengsouvanna,2025-10-30,14:24:21,-07:00,2025-10-30T14:24:21-07:00,1,22
projects/index.html,140,html,b7a39c6a,Paige Saengsouvanna,2025-10-30,14:24:21,-07:00,2025-10-30T14:24:21-07:00,0,0
projects/index.html,141,html,b7a39c6a,Paige Saengsouvanna,2025-10-30,14:24:21,-07:00,2025-10-30T14:24:21-07:00,1,31
projects/index.html,142,html,b7a39c6a,Paige Saengsouvanna,2025-10-30,14:24:21,-07:00,2025-10-30T14:24:21-07:00,1,36
projects/index.html,143,html,b7a39c6a,Paige Saengsouvanna,2025-10-30,14:24:21,-07:00,2025-10-30T14:24:21-07:00,1,31
projects/index.html,144,html,b7a39c6a,Paige Saengsouvanna,2025-10-30,14:24:21,-07:00,2025-10-30T14:24:21-07:00,1,48
projects/index.html,145,html,b7a39c6a,Paige Saengsouvanna,2025-10-30,14:24:21,-07:00,2025-10-30T14:24:21-07:00,2,52
projects/index.html,146,html,b7a39c6a,Paige Saengsouvanna,2025-10-30,14:24:21,-07:00,2025-10-30T14:24:21-07:00,0,0
projects/index.html,147,html,b7a39c6a,Paige Saengsouvanna,2025-10-30,14:24:21,-07:00,2025-10-30T14:24:21-07:00,2,53
projects/index.html,148,html,b7a39c6a,Paige Saengsouvanna,2025-10-30,14:24:21,-07:00,2025-10-30T14:24:21-07:00,3,61
projects/index.html,149,html,b7a39c6a,Paige Saengsouvanna,2025-10-30,14:24:21,-07:00,2025-10-30T14:24:21-07:00,3,28
projects/index.html,150,html,b7a39c6a,Paige Saengsouvanna,2025-10-30,14:24:21,-07:00,2025-10-30T14:24:21-07:00,2,1
projects/index.html,151,html,b7a39c6a,Paige Saengsouvanna,2025-10-30,14:24:21,-07:00,2025-10-30T14:24:21-07:00,0,0
projects/index.html,152,html,b7a39c6a,Paige Saengsouvanna,2025-10-30,14:24:21,-07:00,2025-10-30T14:24:21-07:00,2,30
projects/index.html,153,html,b7a39c6a,Paige Saengsouvanna,2025-10-30,14:24:21,-07:00,2025-10-30T14:24:21-07:00,1,1
projects/index.html,154,html,7484b17a,Paige Saengsouvanna,2025-10-17,22:21:06,-07:00,2025-10-17T22:21:06-07:00,0,0
projects/index.html,155,html,37ecfe46,Paige Saengsouvanna,2025-10-23,20:03:51,-07:00,2025-10-23T20:03:51-07:00,1,0
projects/index.html,156,html,b7a39c6a,Paige Saengsouvanna,2025-10-30,14:24:21,-07:00,2025-10-30T14:24:21-07:00,0,7
projects/index.html,157,html,b7a39c6a,Paige Saengsouvanna,2025-10-30,14:24:21,-07:00,2025-10-30T14:24:21-07:00,0,0
projects/index.html,158,html,b7a39c6a,Paige Saengsouvanna,2025-10-30,14:24:21,-07:00,2025-10-30T14:24:21-07:00,0,48
projects/index.html,159,html,b7a39c6a,Paige Saengsouvanna,2025-10-30,14:24:21,-07:00,2025-10-30T14:24:21-07:00,0,49
projects/index.html,160,html,b7a39c6a,Paige Saengsouvanna,2025-10-30,14:24:21,-07:00,2025-10-30T14:24:21-07:00,0,50
projects/index.html,161,html,b7a39c6a,Paige Saengsouvanna,2025-10-30,14:24:21,-07:00,2025-10-30T14:24:21-07:00,0,5
projects/index.html,162,html,b7a39c6a,Paige Saengsouvanna,2025-10-30,14:24:21,-07:00,2025-10-30T14:24:21-07:00,0,5
projects/index.html,163,html,37ecfe46,Paige Saengsouvanna,2025-10-23,20:03:51,-07:00,2025-10-23T20:03:51-07:00,0,0
projects/index.html,164,html,37ecfe46,Paige Saengsouvanna,2025-10-23,20:03:51,-07:00,2025-10-23T20:03:51-07:00,1,48
projects/index.html,165,html,37ecfe46,Paige Saengsouvanna,2025-10-23,20:03:51,-07:00,2025-10-23T20:03:51-07:00,1,49
projects/index.html,166,html,37ecfe46,Paige Saengsouvanna,2025-10-23,20:03:51,-07:00,2025-10-23T20:03:51-07:00,1,50
projects/index.html,167,html,37ecfe46,Paige Saengsouvanna,2025-10-23,20:03:51,-07:00,2025-10-23T20:03:51-07:00,1,0
projects/index.html,168,html,4fc7eea0,Paige Saengsouvanna,2025-10-02,18:09:16,-07:00,2025-10-02T18:09:16-07:00,0,5
projects/index.html,169,html,4fc7eea0,Paige Saengsouvanna,2025-10-02,18:09:16,-07:00,2025-10-02T18:09:16-07:00,0,5
contact/index.html,1,html,4fc7eea0,Paige Saengsouvanna,2025-10-02,18:09:16,-07:00,2025-10-02T18:09:16-07:00,0,13
contact/index.html,2,html,4fc7eea0,Paige Saengsouvanna,2025-10-02,18:09:16,-07:00,2025-10-02T18:09:16-07:00,0,14
contact/index.html,3,html,4fc7eea0,Paige Saengsouvanna,2025-10-02,18:09:16,-07:00,2025-10-02T18:09:16-07:00,0,4
contact/index.html,4,html,4fc7eea0,Paige Saengsouvanna,2025-10-02,18:09:16,-07:00,2025-10-02T18:09:16-07:00,1,20
contact/index.html,5,html,4fc7eea0,Paige Saengsouvanna,2025-10-02,18:09:16,-07:00,2025-10-02T18:09:16-07:00,1,20
contact/index.html,6,html,4fc7eea0,Paige Saengsouvanna,2025-10-02,18:09:16,-07:00,2025-10-02T18:09:16-07:00,1,41
contact/index.html,7,html,4fc7eea0,Paige Saengsouvanna,2025-10-02,18:09:16,-07:00,2025-10-02T18:09:16-07:00,0,5
contact/index.html,8,html,4fc7eea0,Paige Saengsouvanna,2025-10-02,18:09:16,-07:00,2025-10-02T18:09:16-07:00,0,4
contact/index.html,9,html,fbd6e7a2,Paige Saengsouvanna,2025-10-13,17:46:28,-07:00,2025-10-13T17:46:28-07:00,0,0
contact/index.html,10,html,4fc7eea0,Paige Saengsouvanna,2025-10-02,18:09:16,-07:00,2025-10-02T18:09:16-07:00,0,0
contact/index.html,11,html,4fc7eea0,Paige Saengsouvanna,2025-10-02,18:09:16,-07:00,2025-10-02T18:09:16-07:00,1,14
contact/index.html,12,html,6d8f1ad0,Paige Saengsouvanna,2025-10-09,18:09:20,-07:00,2025-10-09T18:09:20-07:00,1,29
contact/index.html,13,html,6d8f1ad0,Paige Saengsouvanna,2025-10-09,18:09:20,-07:00,2025-10-09T18:09:20-07:00,1,8
contact/index.html,14,html,6d8f1ad0,Paige Saengsouvanna,2025-10-09,18:09:20,-07:00,2025-10-09T18:09:20-07:00,0,0
contact/index.html,15,html,6d8f1ad0,Paige Saengsouvanna,2025-10-09,18:09:20,-07:00,2025-10-09T18:09:20-07:00,0,50
contact/index.html,16,html,6d8f1ad0,Paige Saengsouvanna,2025-10-09,18:09:20,-07:00,2025-10-09T18:09:20-07:00,0,0
contact/index.html,17,html,6d8f1ad0,Paige Saengsouvanna,2025-10-09,18:09:20,-07:00,2025-10-09T18:09:20-07:00,1,79
contact/index.html,18,html,6d8f1ad0,Paige Saengsouvanna,2025-10-09,18:09:20,-07:00,2025-10-09T18:09:20-07:00,2,5
contact/index.html,19,html,6d8f1ad0,Paige Saengsouvanna,2025-10-09,18:09:20,-07:00,2025-10-09T18:09:20-07:00,3,9
contact/index.html,20,html,6d8f1ad0,Paige Saengsouvanna,2025-10-09,18:09:20,-07:00,2025-10-09T18:09:20-07:00,3,40
contact/index.html,21,html,6d8f1ad0,Paige Saengsouvanna,2025-10-09,18:09:20,-07:00,2025-10-09T18:09:20-07:00,2,6
contact/index.html,22,html,6d8f1ad0,Paige Saengsouvanna,2025-10-09,18:09:20,-07:00,2025-10-09T18:09:20-07:00,2,6
contact/index.html,23,html,6d8f1ad0,Paige Saengsouvanna,2025-10-09,18:09:20,-07:00,2025-10-09T18:09:20-07:00,0,0
contact/index.html,24,html,6d8f1ad0,Paige Saengsouvanna,2025-10-09,18:09:20,-07:00,2025-10-09T18:09:20-07:00,2,5
contact/index.html,25,html,6d8f1ad0,Paige Saengsouvanna,2025-10-09,18:09:20,-07:00,2025-10-09T18:09:20-07:00,3,6
contact/index.html,26,html,6d8f1ad0,Paige Saengsouvanna,2025-10-09,18:09:20,-07:00,2025-10-09T18:09:20-07:00,3,20
contact/index.html,27,html,6d8f1ad0,Paige Saengsouvanna,2025-10-09,18:09:20,-07:00,2025-10-09T18:09:20-07:00,2,6
contact/index.html,28,html,6d8f1ad0,Paige Saengsouvanna,2025-10-09,18:09:20,-07:00,2025-10-09T18:09:20-07:00,2,6
contact/index.html,29,html,6d8f1ad0,Paige Saengsouvanna,2025-10-09,18:09:20,-07:00,2025-10-09T18:09:20-07:00,0,0
contact/index.html,30,html,6d8f1ad0,Paige Saengsouvanna,2025-10-09,18:09:20,-07:00,2025-10-09T18:09:20-07:00,2,5
contact/index.html,31,html,6d8f1ad0,Paige Saengsouvanna,2025-10-09,18:09:20,-07:00,2025-10-09T18:09:20-07:00,3,6
contact/index.html,32,html,6d8f1ad0,Paige Saengsouvanna,2025-10-09,18:09:20,-07:00,2025-10-09T18:09:20-07:00,3,50
contact/index.html,33,html,6d8f1ad0,Paige Saengsouvanna,2025-10-09,18:09:20,-07:00,2025-10-09T18:09:20-07:00,2,6
contact/index.html,34,html,6d8f1ad0,Paige Saengsouvanna,2025-10-09,18:09:20,-07:00,2025-10-09T18:09:20-07:00,2,6
contact/index.html,35,html,6d8f1ad0,Paige Saengsouvanna,2025-10-09,18:09:20,-07:00,2025-10-09T18:09:20-07:00,0,0
contact/index.html,36,html,6d8f1ad0,Paige Saengsouvanna,2025-10-09,18:09:20,-07:00,2025-10-09T18:09:20-07:00,2,19
contact/index.html,37,html,6d8f1ad0,Paige Saengsouvanna,2025-10-09,18:09:20,-07:00,2025-10-09T18:09:20-07:00,1,5
contact/index.html,38,html,e1de8420,Paige Saengsouvanna,2025-10-17,22:30:25,-07:00,2025-10-17T22:30:25-07:00,0,0
contact/index.html,39,html,e1de8420,Paige Saengsouvanna,2025-10-17,22:30:25,-07:00,2025-10-17T22:30:25-07:00,0,0
contact/index.html,40,html,0a65dd82,Paige Saengsouvanna,2025-10-17,22:27:28,-07:00,2025-10-17T22:27:28-07:00,1,34
contact/index.html,41,html,0a65dd82,Paige Saengsouvanna,2025-10-17,22:27:28,-07:00,2025-10-17T22:27:28-07:00,0,0
contact/index.html,42,html,fbd6e7a2,Paige Saengsouvanna,2025-10-13,17:46:28,-07:00,2025-10-13T17:46:28-07:00,0,0
contact/index.html,43,html,4fc7eea0,Paige Saengsouvanna,2025-10-02,18:09:16,-07:00,2025-10-02T18:09:16-07:00,0,5
contact/index.html,44,html,6d8f1ad0,Paige Saengsouvanna,2025-10-09,18:09:20,-07:00,2025-10-09T18:09:20-07:00,0,0
contact/index.html,45,html,6d8f1ad0,Paige Saengsouvanna,2025-10-09,18:09:20,-07:00,2025-10-09T18:09:20-07:00,0,0
contact/index.html,46,html,4fc7eea0,Paige Saengsouvanna,2025-10-02,18:09:16,-07:00,2025-10-02T18:09:16-07:00,0,5
